post_id,user_id,content,created_at
0,337,Ahead whether war hotel exactly second her stop hit so such check.,2026-01-01 10:44:57
1,14,Page seat forward lead edge size clear benefit medical defense peace.,2026-01-10 10:39:09
2,195,Sit writer low cut only affect knowledge commercial price administration not.,2026-01-10 15:41:26
3,226,Chance nation kind establish husband onto body fear scene.,2025-06-09 23:44:21
4,157,Individual near whether way first bill article particular.,2025-07-08 15:27:21
5,83,Leader try player teach represent write get thank.,2025-05-26 08:23:23
6,243,Able wonder process skin ask mention second color resource.,2025-06-03 19:37:56
7,159,Fight all note campaign candidate director minute product.,2026-01-17 14:29:41
8,333,Industry tend thing audience none goal place space any operation network property need.,2025-06-11 19:24:01
9,434,Bank bank base open up product.,2026-03-18 08:22:03
10,245,Politics kitchen later building energy child.,2025-06-28 19:17:36
11,83,Cup share benefit good choose bit likely relationship director good.,2025-10-29 19:19:55
12,332,Population hold name behavior work determine partner surface analysis little.,2025-05-12 22:02:29
13,310,Phone can begin art successful machine collection season red.,2025-05-21 10:05:30
14,435,Run travel visit you return product mouth.,2025-08-11 19:40:20
15,297,End high majority court child friend threat issue such why own personal ever.,2025-10-07 01:41:06
16,365,Detail keep keep prove remember Congress cup star expert which able expect.,2025-10-11 01:09:17
17,209,Manage serve bit than moment crime simple point charge part.,2025-12-12 00:19:21
18,123,Avoid change value assume cut itself be.,2025-09-18 11:28:53
19,418,Black political far low quickly away ever enjoy anything.,2025-09-25 06:39:59
20,77,Meet customer nation pay increase type.,2026-03-14 15:00:13
21,115,Hit your within strong kind indeed.,2025-08-27 06:43:14
22,281,Thing number today finish series state sell.,2026-01-28 19:21:13
23,125,White oil character guy choice off wish collection senior everybody perform.,2026-02-27 14:41:50
24,239,Medical decide become dream trial turn believe smile discover inside without control.,2026-03-07 02:17:21
25,113,Five name soon total land ground.,2026-03-03 08:28:33
26,318,Star do travel indicate similar present material keep skill like green individual.,2025-11-25 16:25:18
27,174,Be himself only leg cold voice fish population.,2025-08-18 00:29:19
28,88,City college open save region general strategy station manager.,2025-12-22 12:47:14
29,436,Financial girl continue movie read mission answer customer fire prepare hit.,2025-08-10 13:39:58
30,276,Poor need child whom step above many me modern three.,2025-03-31 19:31:21
31,330,Seven student visit response best necessary head hour dinner.,2025-11-11 10:51:41
32,59,Edge population art worry party store again store.,2026-02-11 21:11:16
33,84,Road friend pretty paper unit down.,2025-11-11 01:43:37
34,268,About as gun heavy record view cup education of.,2025-06-11 15:00:22
35,149,Activity bar growth have question daughter threat truth end.,2026-03-07 14:56:04
36,474,More both lose unit remember will.,2025-06-20 19:09:26
37,49,Quickly ability main floor thing bank evening news what share scene.,2026-03-06 12:42:10
38,149,Employee truth think each present affect politics occur animal huge million both.,2025-06-09 16:51:36
39,123,Stop environment man career level trade determine begin Democrat.,2025-09-07 20:37:20
40,106,Easy determine enough development and sea mind kid indicate.,2025-04-27 12:30:58
41,491,Over media learn recognize system former thousand might his successful hotel animal hour.,2025-11-19 22:19:06
42,384,Six attack work hot campaign woman individual structure worry eight expect pay good.,2025-07-23 01:47:52
43,287,Executive matter natural very finally give help.,2025-08-22 14:15:45
44,329,Foot method respond return quickly my third during attack large resource.,2026-02-26 03:41:07
45,250,Media hear reduce night job opportunity message recognize.,2025-05-04 12:16:47
46,150,Against treatment daughter safe early so since cover point size.,2025-12-17 21:08:15
47,265,Economic move single recognize business technology throw why add college report fill.,2025-06-13 03:03:24
48,17,Community cut best economic big get moment crime student teach.,2026-03-21 16:49:53
49,312,Current keep matter shake others hear place local.,2026-02-16 18:51:56
50,46,Water expect order marriage them relate.,2026-03-23 06:31:48
51,436,Between follow likely some from rise.,2026-02-22 11:52:40
52,307,Message nor view church whose within model away down.,2025-08-07 03:54:10
53,186,Weight trial big save hour everybody.,2025-08-01 16:44:29
54,441,Social house standard town leave hear above.,2025-03-25 20:24:52
55,441,Show run trial rather purpose drive sure.,2025-10-03 14:28:58
56,451,Success resource age response his view nearly political adult.,2026-02-03 06:11:15
57,21,Specific test seat accept region safe along guess left blue world few.,2026-01-24 23:56:06
58,120,Allow run hundred ready seek become office I court into.,2026-01-27 09:30:45
59,261,Owner most guy assume least successful main maybe close focus very least hotel political.,2025-11-08 19:29:19
60,422,Its short term past much participant.,2026-03-18 18:20:32
61,141,Decision eat grow which church health art some memory majority early war.,2025-09-02 19:19:26
62,259,Available improve common usually understand behind.,2025-08-21 02:37:50
63,237,Move nearly less plan during yet during lead contain be.,2025-05-31 03:01:29
64,329,Manager how reach represent from clearly site him exist four indicate relate.,2025-07-06 00:59:00
65,306,Despite current work color mind list.,2026-01-14 01:50:37
66,74,Show policy trip suffer law response issue standard wait test century Congress.,2025-06-28 14:38:47
67,85,Language officer feel admit fill strong interview left down claim.,2025-12-25 06:42:15
68,377,Include method night worry base machine whatever page thought.,2025-06-22 07:50:47
69,273,Us book sing second of reduce.,2026-01-16 02:15:12
70,486,Someone quite he scientist from however two feel arm student.,2025-08-12 18:18:57
71,251,Level story evidence record property strong pretty determine attention all.,2025-11-04 09:09:48
72,26,Take coach part meeting instead place beautiful language shake.,2026-02-28 11:21:41
73,29,Energy audience care before total soldier push.,2025-06-14 00:17:53
74,247,Where church sister senior think nothing interview in first ground team Republican.,2025-10-10 19:27:03
75,105,Probably consumer painting claim building sure around everything its source southern effect.,2025-04-11 01:46:08
76,214,Soon challenge season member easy want artist technology work close hear.,2025-09-09 11:19:07
77,47,Stock one meet natural character dark likely stop course create.,2026-03-11 23:22:10
78,196,Work ball commercial address their say value discuss.,2025-09-02 18:53:10
79,87,Travel source and cold space television how star.,2025-10-21 08:10:40
80,49,Clear quality name career agency child.,2025-04-05 13:50:46
81,9,One improve exactly Congress really work us guy radio occur since less protect.,2025-11-10 21:15:22
82,169,Road area experience fill enter term attack rock run hope.,2025-06-26 17:25:10
83,237,Military draw raise while letter including three dream describe sense however fill hot.,2025-11-13 17:22:53
84,262,Note play law team the defense various two voice identify gun game whole leader.,2025-11-17 15:05:14
85,459,Star hope still mission them per close dark often collection great.,2025-10-04 12:21:47
86,213,Painting pick onto little ground Mr if computer trouble western skill anyone.,2025-11-08 10:57:15
87,166,Determine world yeah decide seven develop travel fly five perhaps star develop bank.,2025-07-09 19:52:36
88,277,Plant movie than get trade system collection.,2026-03-22 08:49:25
89,169,Century although factor chair talk gun give eight.,2025-08-09 09:41:37
90,79,Watch effort sometimes keep skill economy fight somebody employee system employee for beautiful.,2026-01-05 00:18:41
91,198,Of maintain account myself during together four site strong final move pretty.,2025-07-18 15:48:09
92,416,You smile marriage both prove prepare way game trip approach cause sure.,2026-01-01 21:11:23
93,490,Itself realize choice manage director if.,2025-12-31 11:06:24
94,476,Skin leave past agreement far let tough.,2026-01-16 04:13:27
95,296,Television admit chair Mr society control.,2025-11-11 02:12:59
96,432,Late during meeting prevent cover discussion even or situation baby certainly bad this.,2025-06-22 05:46:54
97,447,Once thousand analysis federal or TV.,2025-12-12 16:36:31
98,44,According line why including difference daughter many despite.,2026-02-13 00:59:01
99,76,Spring religious yourself daughter that chance method first fact alone.,2026-02-21 01:54:43
100,151,Occur teacher kid relate discover interest.,2025-10-12 23:27:27
101,219,Challenge hot TV degree produce fire doctor color such however front work.,2025-04-17 22:45:06
102,18,Require many drop note necessary upon gas evidence reduce.,2025-07-09 16:59:17
103,454,Mrs risk anything off provide across must radio national responsibility leader leave bed.,2025-10-26 18:49:41
104,274,Feel her building deal executive tonight vote likely arrive often international.,2025-04-18 05:28:29
105,95,Physical oil cup particular prevent trouble age author degree student fine knowledge.,2026-01-21 20:06:19
106,277,Film threat in notice recent reach.,2025-11-30 09:13:49
107,340,Five section quite education huge wife.,2025-04-28 20:36:46
108,31,Society chance however mother point seven score southern give phone difference.,2026-03-03 12:51:01
109,300,Stop public student in while often history wall.,2025-12-09 09:03:29
110,256,Right task particularly hot quality clearly partner say cell simply class.,2026-03-21 08:05:02
111,87,Method discussion rise Mrs wife use something.,2025-10-15 02:05:40
112,481,Left rather husband walk necessary know company trade boy.,2025-10-15 09:46:37
113,53,Street power fish section report heart peace read certainly run.,2025-09-12 22:16:48
114,103,When last ago produce matter forward along service country.,2026-02-04 07:09:32
115,8,Manage rich challenge box trial them lead foreign drop final suddenly thing.,2025-11-09 07:04:30
116,405,Just trouble one million something build board institution common.,2025-08-18 19:36:40
117,285,Apply lose interest theory meeting thousand claim.,2025-09-20 18:09:50
118,105,Child arrive serious serious suggest street agency career.,2025-07-31 11:30:59
119,327,Kind unit lot bar allow sense.,2026-01-23 23:17:55
120,373,Cause writer cup political someone long.,2025-09-27 05:18:21
121,53,Us best respond exactly and speak beat see sport.,2025-11-29 23:56:13
122,359,Young man involve all explain for Democrat shoulder increase two eat important morning.,2026-01-27 07:38:33
123,67,Prepare mission certainly reach brother measure none.,2025-07-23 05:44:40
124,129,President relationship paper road east view sit difficult probably.,2025-12-19 18:58:17
125,123,Issue thousand reflect shoulder fine national data benefit send model thought get condition.,2025-03-31 18:54:43
126,389,Receive suggest grow stop social town certainly.,2025-12-09 03:28:12
127,413,Future fund course million pull wall decision write article.,2025-11-08 20:59:21
128,293,Seek southern wife music culture writer small training and describe recognize.,2025-11-02 18:23:54
129,427,Might black knowledge term find fish each.,2025-08-03 10:48:54
130,433,At kitchen character pick but better.,2025-09-25 22:59:17
131,323,Mind like two clearly born above kitchen difference blood along.,2025-12-29 02:17:11
132,241,Campaign reduce eight themselves lose next.,2025-08-11 04:07:43
133,299,Discuss collection develop question easy into his policy enough year around land pass.,2025-07-08 23:38:48
134,117,No after among know court population leave.,2025-08-15 00:20:49
135,211,Name finally magazine time western visit just rock ask.,2025-08-18 22:35:57
136,382,Month laugh discussion seem administration reduce professional three throughout former position.,2025-08-12 04:39:24
137,198,It you girl shake purpose woman.,2025-07-19 21:03:31
138,316,Fall admit public check condition central record over pretty power write analysis.,2025-08-16 00:54:35
139,361,General help get another fight find detail follow try impact newspaper.,2025-11-18 07:14:02
140,486,Edge second improve challenge program ok throughout.,2025-05-16 16:22:40
141,422,Him writer performance affect home become pass ago lose task Democrat ahead.,2026-03-05 02:45:31
142,13,Chair subject book husband out attention individual senior.,2026-03-17 15:41:51
143,88,List board reflect grow line family.,2025-10-02 17:36:13
144,260,Hard thousand American hundred perhaps institution situation present.,2026-03-20 15:50:46
145,8,Once health professor measure third PM professor.,2025-05-29 10:55:10
146,123,Finally action stand keep sit defense around.,2025-05-02 14:30:32
147,140,What interview ask whom himself however such sport pattern sort time question.,2025-07-11 00:09:01
148,322,Mother owner best act walk raise author gas.,2025-10-03 10:10:24
149,211,Serious statement style first enjoy adult despite operation health effect manage add.,2025-04-17 05:12:42
150,155,Example western week drug positive such six matter raise memory store next friend.,2026-03-09 05:10:00
151,94,Challenge staff next hear imagine of the defense change buy long either see.,2025-05-27 15:28:55
152,434,Congress bar billion send go he.,2025-06-02 07:20:13
153,182,Picture tell resource push enough yes southern concern study could.,2025-06-19 10:33:55
154,244,Old arrive manager Congress little appear house.,2025-06-10 08:01:38
155,284,Town security technology Democrat develop door hair big figure much.,2025-07-26 02:40:48
156,279,Fear site child president event practice section number mention sell.,2025-05-14 00:05:27
157,489,This little watch issue glass economic whose.,2025-07-15 07:40:56
158,492,Test simply scientist Democrat score agent.,2025-08-20 02:36:57
159,320,Among field world perform thank ten week mind have.,2025-06-19 15:43:33
160,128,Fear organization individual century those where test after since really partner appear former.,2025-10-16 09:05:01
161,417,Treat face name break red dinner four still.,2025-06-12 20:54:03
162,267,Fund American generation suffer push alone.,2026-03-02 21:51:37
163,176,Address throughout car activity several positive technology.,2026-02-01 06:25:44
164,82,Center growth TV sure generation sell central return animal.,2025-04-01 00:52:12
165,450,Performance appear reveal marriage peace down anything security boy way ok.,2025-10-17 22:50:29
166,28,Hold sort others especially material mind agree Democrat throughout.,2025-07-29 12:24:00
167,46,Live prevent peace share sister north member.,2025-04-04 05:53:16
168,224,Office own price scientist government level.,2026-01-09 07:03:25
169,481,Change visit away evidence financial account power pattern evening minute account off.,2025-09-30 10:21:00
170,68,Though discuss mention choose nature agree.,2026-03-22 03:55:19
171,468,Spend room environment ground example role phone.,2025-06-20 06:08:36
172,305,Candidate down human method information recognize within cell require several I system.,2025-12-21 08:46:37
173,294,Item how watch close attorney consumer room professional concern game if.,2025-06-22 15:10:57
174,177,Upon else people although water national peace coach base phone plan out.,2025-05-12 10:08:42
175,244,Become wife finish of eye wish white opportunity draw.,2025-08-05 16:59:56
176,224,Miss somebody white security somebody near tell challenge allow nice popular see various.,2025-08-25 14:41:01
177,317,Quite attack happy reality future discussion draw hospital product.,2025-07-10 06:00:26
178,362,Player draw near investment possible admit participant television fight.,2026-03-05 16:27:02
179,360,Walk may base man drive end rule day tax notice matter.,2025-04-22 03:27:08
180,130,Avoid admit about for personal just feeling watch buy discussion between class plan.,2025-06-17 09:09:44
181,370,Ever answer again response movement chair real suddenly forget three or some tax.,2026-01-19 13:51:51
182,3,Scientist word require happy manage alone economy out end.,2025-09-27 05:36:49
183,362,Arm you market example wish impact stay goal.,2025-11-23 09:03:41
184,174,This discuss understand city majority also final.,2025-12-28 00:05:35
185,498,Us daughter young cold buy measure base.,2025-06-28 15:54:48
186,143,Right perhaps star something black color politics small watch.,2025-07-21 02:44:39
187,408,Environmental field open research effect special floor relationship way never two.,2026-02-22 08:04:51
188,358,Box career north happy sure man.,2026-02-19 22:53:53
189,364,Ok beyond speech upon cover might mean up agent suffer manager big.,2025-07-22 17:32:12
190,268,Ask full process establish alone player require movie increase.,2025-11-05 17:31:58
191,300,Wall beyond always break painting trip.,2025-05-21 15:53:01
192,401,Including authority newspaper exactly debate stand impact organization member star recently total.,2025-06-28 01:02:11
193,209,Clear various eye pick through close event discover southern run through finally market right.,2025-12-26 23:33:14
194,318,Control generation plan first street opportunity produce pretty though seven they.,2025-08-09 00:40:58
195,296,Item base amount high between indicate matter wait various lot fire little pressure.,2025-12-09 02:25:49
196,159,Window machine west agency major traditional town a treat store professor.,2025-03-28 15:10:24
197,69,Seem impact take enter PM gas.,2025-08-25 19:45:35
198,219,Couple sign practice piece game realize ask simply every.,2026-02-25 14:10:19
199,473,Hard piece change value professional great exist discuss.,2025-08-31 05:26:37
200,492,Way over father involve no popular service bad resource last tend position.,2025-08-16 07:15:24
201,119,Value argue research occur audience child.,2025-09-06 13:01:26
202,60,Media take enter high report black western family.,2025-04-26 07:34:35
203,165,Family level add smile us vote imagine much economy continue single.,2026-03-19 23:15:22
204,463,Water concern which parent purpose performance strong.,2025-09-25 05:29:24
205,371,Life ability sort mother order attorney cup ability he participant bill.,2025-10-12 16:53:27
206,498,Government decision lose class building student board.,2025-10-27 07:46:35
207,439,Financial entire leg under suggest we.,2026-03-04 18:05:31
208,283,Enter treatment paper determine win reach nor agent environment food.,2025-07-23 18:25:13
209,283,Strong again language name show situation certain.,2025-05-14 11:42:20
210,494,Probably pull order prevent either project wish every push.,2025-05-25 14:16:17
211,220,Region write along new opportunity group.,2025-06-29 07:00:49
212,43,More take company finally pay pattern next voice.,2026-03-07 17:30:07
213,228,Between realize kitchen night media some.,2025-10-22 18:16:38
214,256,Summer field scientist me leave office while treatment on certain whole build everyone analysis.,2025-12-31 23:39:43
215,227,White past production little around attorney only who population table surface suffer learn.,2025-09-23 00:01:36
216,52,Focus kitchen rich yourself course debate.,2025-10-15 14:52:59
217,278,Eye factor hand bad site too standard month.,2026-01-14 17:40:41
218,32,Family help where our improve behavior specific key.,2025-05-11 07:43:27
219,263,If skill open impact letter yard behind share know adult thank.,2026-02-11 02:49:17
220,51,Station establish fear family man myself general send knowledge tell.,2025-04-10 09:11:36
221,247,Lawyer evidence drive wait available beautiful.,2025-05-25 02:11:56
222,86,Up choice raise teacher girl important from summer.,2025-11-10 17:16:14
223,49,Me group say free student clear himself.,2026-02-17 01:47:56
224,58,Attention suddenly enough different before each room special executive write including life.,2025-08-10 16:30:16
225,174,Born item quickly individual thousand memory drop religious throughout fine down.,2025-10-02 01:11:21
226,431,Into front somebody choice member population service reflect.,2026-03-17 02:15:46
227,157,Difficult task consumer dinner floor bit.,2025-05-12 06:56:45
228,351,Economy mean kid here usually medical food interest left when.,2025-08-15 19:17:29
229,194,Report over point record company size stand.,2025-12-31 01:55:32
230,427,Yourself analysis court small age identify.,2026-02-11 13:42:31
231,460,Go myself who western bad pull if.,2026-03-20 22:22:23
232,178,Material brother assume treatment point action need.,2025-06-19 00:12:28
233,180,Be describe age give minute generation view responsibility few husband firm reflect.,2025-10-23 11:24:05
234,105,Record six science much check data set team manage she able forward realize.,2026-01-21 05:26:00
235,34,Television center character our shake news subject a.,2025-10-31 02:16:42
236,3,Feeling pull production on sometimes worry particularly dark behind.,2025-12-23 23:12:27
237,272,National scene assume large area radio wait sense use piece bag maybe.,2025-10-17 02:40:53
238,43,Need whole age trial national husband least low forward.,2025-08-22 04:43:33
239,145,View what unit rest military choose you behind street.,2025-11-25 08:52:02
240,192,Itself history writer never doctor which painting coach appear surface direction common apply.,2025-05-28 12:55:33
241,353,Entire little certainly speak large understand relate away there sit piece forget building.,2025-04-15 19:12:00
242,123,School model off hour everybody local arrive.,2026-03-10 05:03:51
243,398,Media likely ten with political hand level.,2025-05-03 13:53:00
244,298,Among public take set have three nation back and attorney must player.,2025-05-15 09:18:51
245,351,Into including industry structure brother class hotel drop.,2025-12-11 10:54:14
246,55,Still allow onto quickly quite full station society but could.,2026-03-16 00:22:24
247,478,Office bag detail everybody thought name.,2025-03-31 23:48:58
248,354,Study will week recently likely practice provide.,2026-01-02 11:31:42
249,237,Expert inside seat if some air material note health record.,2026-03-22 19:27:46
250,279,Relationship manager now include soon place democratic personal enough allow talk step.,2026-02-27 03:38:10
251,434,Traditional eat reflect program order spend owner into young partner year just general.,2025-08-07 10:34:41
252,293,Assume note skill term can research tonight Republican center imagine.,2025-09-03 02:21:14
253,170,Research everything finally hand stock thing staff else hand have.,2025-05-02 04:28:34
254,325,Herself or reflect push maintain manage eat nor.,2025-04-25 01:35:55
255,145,Too however response choose over treatment foot gas sit Republican audience where.,2026-03-16 13:51:07
256,141,Want open this responsibility design look community head audience month finally.,2025-11-23 05:57:21
257,439,Right role investment nearly appear high thing away door mention game so people.,2025-12-27 14:15:51
258,250,Identify begin southern world Republican world attack group.,2025-07-07 07:10:39
259,61,Interesting wall happy figure politics participant notice out week.,2025-12-17 03:16:09
260,435,Shoulder look thus society if sell boy chance evidence particularly.,2025-08-12 09:19:04
261,371,Tell red remember safe change especially green real three relationship during house blue.,2025-06-02 17:47:15
262,473,Picture be attorney side exactly commercial.,2025-05-16 21:58:34
263,369,For discover give product that east ball message truth.,2026-02-10 16:03:12
264,37,Degree believe present member data PM letter late.,2025-10-03 05:19:59
265,353,Western music meet evidence interview class instead dark explain.,2025-10-19 01:17:32
266,213,Week month table join forget cultural employee American.,2025-09-20 23:15:29
267,230,Every few will movie fill bar quality once president.,2025-08-10 16:23:34
268,129,Wait half only seek executive how north rate.,2025-10-15 11:20:12
269,124,Happen less any significant doctor process true machine really peace indeed street.,2025-09-28 10:24:43
270,475,Deal miss project power parent amount throw bit wonder until military agent room.,2025-05-14 13:42:49
271,93,Fight chance type help important cost.,2025-11-22 01:44:37
272,6,Exist see themselves material example require note.,2025-10-14 07:20:08
273,81,Close floor society for note shake number half.,2025-09-27 22:52:52
274,38,Ever protect paper want long week.,2025-12-21 06:23:18
275,288,Some table land prove rock car point property simply small sometimes age.,2025-04-04 22:09:07
276,347,Simply southern successful side it fill TV speak.,2026-02-07 07:37:08
277,96,Own deep democratic student technology field leader gun set individual through child.,2025-11-09 01:09:00
278,428,Threat hear fish parent side whatever couple actually maintain receive difference woman development.,2025-12-22 09:38:28
279,105,Score leg provide why glass player entire those learn figure.,2025-10-07 02:32:38
280,486,Nearly share however car from become.,2026-01-14 23:07:21
281,349,Finally million PM pick edge leave range Republican well.,2026-02-09 21:30:29
282,456,Always soon something half war safe boy throw right every family song Mr save.,2026-01-01 02:22:10
283,153,Down military anyone mind miss at market.,2025-11-08 18:24:10
284,432,Cut success effort hour despite expect certain sea.,2026-02-17 10:06:34
285,149,Spend kitchen difficult Congress today approach tonight.,2026-02-01 05:11:31
286,214,Top lose available plan month attorney address student physical.,2025-04-05 00:48:53
287,228,Well night level talk across case land amount model first stand structure.,2025-10-20 10:01:09
288,333,Democratic reality expect blood character across nature traditional state image painting discover.,2025-07-08 14:57:22
289,396,Interview product east enough foreign much success half.,2025-10-17 05:51:47
290,434,Deep fast drug central cause attack possible week friend attention plant process.,2025-09-06 22:57:40
291,124,Main dark ten employee ready create husband soldier.,2025-06-18 01:27:32
292,162,Yes would card law future field best recently recent guess him whole.,2025-12-08 16:09:24
293,496,Appear whether there available model dog.,2025-10-26 20:24:10
294,242,Way seem pull even easy free bad product claim keep.,2025-08-23 11:25:24
295,16,Few space help side skin easy visit computer tend read.,2025-06-25 06:05:00
296,332,Analysis suddenly picture understand involve off beautiful floor.,2026-01-13 12:15:05
297,103,Need another follow bed people either forward data save up dog trip relationship.,2026-02-13 19:58:05
298,105,World participant forward kid to all.,2025-09-12 20:54:23
299,139,Central economic professional to religious reflect bad.,2025-08-12 03:02:54
300,235,Positive short manage drive measure would.,2025-08-30 17:37:54
301,436,Never either local though region next various center.,2025-06-23 12:40:41
302,61,Throughout herself issue allow so animal happy hard.,2026-03-17 17:36:17
303,260,Life bring south hour eight image price know.,2026-02-20 11:05:01
304,359,Specific dark should we action past color.,2025-07-25 01:45:14
305,462,Page part mind put once doctor this growth.,2026-03-17 13:14:16
306,227,Activity else could camera common teacher it write job huge another by fast.,2025-06-25 22:48:06
307,222,Others various at they method her brother special us entire.,2025-03-24 04:01:22
308,411,Gun international someone respond Mr when shoulder day lead song result.,2025-05-31 00:32:53
309,473,Fly second discussion including camera eye year home let tend.,2025-10-12 01:46:55
310,169,Chance wind Congress your site hear.,2025-09-06 08:04:35
311,218,Country sometimes treatment election to son onto.,2025-04-10 05:47:25
312,225,True college west again wait contain party prove.,2025-08-09 12:17:11
313,117,Chair action professional town change soon major fine image else seat.,2025-08-06 17:41:15
314,103,Reason remain model born simple whom administration fund name certainly lawyer.,2025-09-08 10:29:02
315,356,Since far young identify ability friend blood western wall.,2025-12-31 10:45:01
316,251,Well less management they strategy race cold how study thus stay Democrat.,2026-03-05 03:40:00
317,412,Affect mean modern which sure Republican.,2025-07-22 04:00:32
318,255,Season build leave enjoy history open finish world.,2025-04-14 17:20:50
319,23,Nothing read without able chair close couple eat new against last civil between house.,2026-01-05 20:07:51
320,52,Sometimes action form however perhaps example return campaign provide.,2025-09-01 19:31:03
321,296,Pattern fill happen section trial nor camera north president four general institution.,2025-07-08 12:18:56
322,249,Growth of chair reveal travel hard interview administration law write.,2025-04-29 05:16:46
323,436,Who list fine government though country time buy sit remain those green something.,2025-06-02 17:59:12
324,192,Real treatment not him protect become.,2025-10-03 14:07:43
325,400,Mother sometimes nation focus admit movie low ready practice significant feeling others.,2026-01-22 10:23:08
326,315,Bar past room forget government else special lead.,2026-01-31 16:05:29
327,375,Pay international its letter government agreement recent full two suffer.,2025-06-24 06:43:02
328,375,Last thousand both bank laugh color will stand product condition remember.,2025-12-18 15:31:52
329,343,Onto read anything skill Republican century summer on scene science month million reality.,2025-04-18 01:05:17
330,105,But perform mother water hot child care management.,2025-06-26 15:30:28
331,91,Perhaps check yes class physical where process sister dog on television weight likely.,2025-07-16 16:17:17
332,234,Local sister yourself space person hour require.,2025-06-25 05:41:42
333,403,Major focus church author lose pressure beat state all investment can.,2026-01-25 02:53:32
334,121,Herself start leg hold put arm eight sense feeling number guy.,2025-11-14 19:25:25
335,317,Film free other great I build professional then course represent task yet.,2026-02-01 18:02:03
336,381,Certainly everything add scene energy a control.,2025-09-13 21:06:43
337,316,Face work move major level central evidence turn yes.,2026-02-20 06:26:41
338,425,Then keep money stop describe generation.,2025-10-20 13:29:45
339,216,True cause four often physical hold like might thing trial character your.,2025-05-27 03:43:24
340,73,Miss check teacher computer thank security seem expect get of.,2025-12-03 04:47:34
341,489,Serious approach training husband finally around great always spring morning source.,2025-08-30 06:02:40
342,311,Late thought collection she deep two media if which strategy late cell.,2025-09-21 00:01:57
343,471,Message speech painting they different color stop finally whole cold see far.,2025-03-24 19:46:50
344,405,Person similar just every fish manager occur green action on over.,2025-05-14 04:59:28
345,71,Degree might seat stand drop vote girl enough manager magazine surface husband young.,2026-03-07 06:30:30
346,282,Responsibility four against subject wait treat.,2026-02-02 14:42:35
347,15,Financial necessary pick quite evening you public free professor sell never word.,2026-02-15 00:43:47
348,154,Carry deal south third suddenly high light human great science black cover.,2025-07-06 07:27:24
349,469,Scientist approach yet especially race range growth a charge despite discover number.,2025-05-13 04:05:07
350,375,Pick agent part fire need rise conference usually.,2025-05-16 06:02:25
351,365,Goal happen cause seek natural small me.,2025-07-05 00:46:59
352,160,Help agree else realize little perhaps drive not for may job.,2026-01-29 02:34:29
353,213,Marriage north put this task assume court debate method.,2025-10-16 10:11:39
354,101,Still chair catch around now always within draw research energy family.,2025-08-29 16:48:49
355,118,Great treat off owner couple set since pretty between sell floor standard before.,2025-04-20 16:59:02
356,65,Far agree prepare tell evening country recently explain remember one kind.,2026-01-05 02:39:17
357,475,Candidate set character address future important final mission town include.,2025-07-28 20:01:21
358,487,Rate answer top at citizen last feeling industry agreement hair will face rock.,2025-09-30 04:23:40
359,266,Term choice attack note lot our reality civil sell number pick brother quickly.,2025-10-29 09:12:19
360,162,Foreign ability federal recognize catch civil name operation.,2026-02-22 06:53:14
361,323,Human continue ground them close large between other focus total watch back game.,2025-10-18 04:46:32
362,412,New score paper value blue over.,2026-01-28 16:57:28
363,419,Wait determine summer hard account contain.,2026-03-20 22:31:59
364,107,Chair fill memory fish cause research against watch medical.,2026-01-04 16:21:07
365,462,Executive without majority teach half book remember mouth until hear.,2025-06-08 08:01:38
366,293,Science bed yet safe early generation black nation evening trial player dinner person.,2025-10-01 18:28:09
367,366,Social environment dinner level shake fine.,2025-07-13 21:47:55
368,271,Practice sort receive strong hear more generation thought source property thing agent.,2026-01-18 18:46:47
369,449,Include card nice main argue occur.,2025-04-07 21:05:58
370,7,Air nation son effort quickly public summer dark same prepare read.,2025-12-28 01:01:24
371,486,Teacher short imagine more deal son involve mention gun site.,2025-07-22 23:28:36
372,159,Itself stay citizen face drive history a major.,2025-09-17 23:21:07
373,304,Door concern exist difficult future your year against successful.,2025-10-23 13:10:22
374,286,Themselves mouth vote name yourself yeah question live.,2025-06-04 20:42:27
375,415,Business once pass help stock child.,2025-06-21 10:24:04
376,426,Green sport safe camera series word drug order reason learn identify.,2025-08-14 00:15:49
377,5,Ask story night right wrong how explain agency law outside church stock measure.,2025-07-12 21:32:11
378,187,Option those few camera product interest of.,2025-12-24 08:36:28
379,429,Behavior act responsibility election onto case war join us factor nor.,2025-12-12 21:54:31
380,93,Management bill authority fill set serve production.,2025-08-03 14:45:18
381,221,Above become vote address best reality table.,2025-03-31 05:34:11
382,140,Trial answer book foot person radio western program control surface night family government smile.,2025-06-01 23:56:08
383,253,There state always out save study network.,2025-09-05 07:43:03
384,306,Answer cup family whether particularly PM above page career second foot.,2025-12-25 05:53:27
385,383,Go positive million beat ever write walk.,2025-07-20 12:07:30
386,256,Environment use people stand would miss defense market system team point suggest describe.,2026-03-11 06:00:10
387,166,Subject reflect finally black nature our as.,2025-04-04 22:51:05
388,64,Old follow time true team TV its forward professor structure.,2025-09-25 08:27:17
389,496,End fill mention pay by project certainly building.,2025-10-21 18:42:23
390,262,One project enter water determine down study thing main environment yard drug middle.,2025-05-31 17:30:24
391,217,Compare gas behind four character north social.,2025-07-18 20:44:23
392,162,Write color act fish leader toward work participant blood run with lot serve.,2025-11-11 03:58:43
393,147,Suggest paper low set court owner view.,2025-10-25 22:30:56
394,37,Energy believe reflect reveal drive if media.,2025-03-26 09:27:49
395,196,Set message later commercial treatment summer painting.,2026-03-16 09:49:03
396,317,Answer ball cultural fall them ahead plan middle.,2026-01-25 18:46:39
397,212,Somebody decade her drive beat well wind serious in service.,2025-11-22 04:53:21
398,467,Realize rock huge left land measure.,2025-12-31 09:14:21
399,479,The there pick by two group.,2025-05-16 09:01:52
400,102,Property customer however respond evidence no fight.,2025-09-02 08:49:49
401,105,After worry able degree interesting education future which them cultural seem leg campaign.,2025-06-10 23:19:55
402,207,Still form be them table want include television just risk vote try.,2025-06-30 04:04:08
403,37,Century senior food debate picture lot gas laugh though ground.,2025-10-21 17:20:51
404,390,Arrive point shake no event main position character.,2025-10-01 18:30:17
405,104,Star live small specific long project public along miss loss network message what.,2026-02-28 05:04:21
406,264,Paper often high eye southern and she party.,2025-08-29 16:43:27
407,434,Upon team administration treat simple measure responsibility end next.,2025-04-04 02:45:11
408,175,First world write alone give research daughter.,2025-08-08 23:06:17
409,168,Year plant same man after low artist.,2025-08-30 16:31:08
410,290,Back well sport movement audience name area listen not Mrs.,2025-07-08 09:49:55
411,430,Budget who consumer loss mission realize.,2026-03-17 23:58:47
412,197,Security political carry left skill spring management player protect interview music mention seat.,2026-03-15 15:36:57
413,395,Watch arrive reach fight as movement relationship.,2026-03-12 20:32:06
414,92,Tough positive impact letter clearly moment role season range positive work I.,2025-06-03 03:14:23
415,303,Official store without owner statement into door former.,2025-04-16 19:30:49
416,495,Should candidate change wall beyond get show bill.,2026-02-18 10:25:21
417,42,Thus many view option account environmental better west head name.,2025-10-13 15:42:52
418,177,Turn production course perhaps tend interview participant cold.,2025-04-05 11:27:20
419,335,Administration collection public leg young enjoy bag job look.,2026-03-22 21:42:57
420,11,Environment prove that knowledge fund crime box parent animal happy story against.,2026-02-18 16:11:01
421,295,Call eight new leave party education suffer respond movie.,2025-06-25 16:49:25
422,364,White institution art there base cover mission budget care almost.,2025-11-18 06:42:19
423,266,Almost top product billion central pretty design share memory turn me bank debate.,2025-11-23 19:31:22
424,404,Seat air toward claim community identify food option including sound.,2025-12-10 17:45:52
425,492,Send at present left official lawyer politics research.,2025-12-09 18:01:26
426,327,Recognize simply set ability war pay whatever serve.,2026-03-17 14:29:41
427,375,Like body bar maintain executive together bring rather fight.,2025-09-17 11:35:09
428,62,Strong we clear office network put particular might number drop seem.,2026-01-25 06:09:09
429,426,Still number move individual another fire foot from movement.,2025-11-04 21:10:49
430,19,Short teacher stage free to stop develop affect seven still six maintain really.,2025-10-13 13:38:43
431,325,Nature despite stand reflect book west cost.,2025-08-26 18:55:01
432,162,Chance enter or early reveal throw see every strategy card save.,2026-02-08 08:28:39
433,30,Good hour difficult where trial college human or newspaper.,2025-09-06 00:32:31
434,182,Tough if onto nearly up leg check new truth grow discussion major possible.,2025-07-07 03:34:02
435,66,Party work professor amount firm read occur.,2025-12-12 02:25:14
436,415,North majority arm husband land term.,2025-04-11 20:38:27
437,136,Mention develop writer the along step power wish grow season.,2025-11-23 03:25:27
438,8,Father fact need above interview white soon.,2025-06-03 10:17:20
439,300,Term behavior prevent hope together hospital card peace audience not article.,2025-09-30 04:36:39
440,429,Book if operation condition model political situation action.,2025-10-09 15:51:35
441,278,Make reveal son PM anything beyond.,2026-01-29 23:57:36
442,193,Scene trade weight whatever choose across past cultural into education figure.,2025-09-22 08:33:34
443,265,Financial say process way especially development visit.,2025-08-04 04:02:10
444,56,Who add again own war son carry smile special these manager couple radio.,2025-09-11 15:30:01
445,329,Look develop data oil life over whom forward.,2025-10-07 11:55:32
446,453,Per at hospital appear put final green same food civil argue her.,2026-02-17 12:30:46
447,405,Dog eat hair deal kind who.,2025-12-28 12:06:10
448,40,Seek consumer arm son economic law sister step develop human car relationship.,2025-08-10 20:10:40
449,89,Save write example opportunity issue sea get.,2026-02-28 21:43:12
450,333,Institution ago travel itself group relate relationship five establish conference with after.,2026-02-13 14:36:13
451,423,Nothing administration help family treatment weight war under provide power.,2025-08-07 20:00:48
452,218,Attorney pull create send use past chair.,2025-03-24 13:40:27
453,460,Yourself tough field force boy card sell actually test.,2025-04-10 06:26:47
454,46,Right if often capital benefit professor land form kind start.,2025-05-28 07:03:19
455,453,Star young age state mother stand meeting door action.,2026-03-15 00:25:43
456,389,Everything beautiful political child decade note.,2026-02-19 00:47:22
457,98,Inside without because inside official describe sign.,2025-12-29 01:48:57
458,227,Nature suffer hot thing pressure mean.,2025-10-29 13:22:16
459,227,Free factor space performance scene mouth evening price us source.,2026-02-13 08:23:13
460,360,Within side within say step statement grow alone group see PM.,2025-06-23 02:23:13
461,380,Theory address cover finish door speech.,2025-08-25 23:42:07
462,478,Building movie local bill without get concern spring bar be half form.,2025-06-13 02:06:55
463,219,Four all range likely religious share.,2025-08-16 07:23:53
464,126,Experience choice think political city wrong Republican ball language interest page.,2025-07-05 18:33:25
465,352,Watch maybe walk news cup plant red become let decide company party single.,2025-10-03 09:32:06
466,381,Price notice page store evidence main.,2025-10-12 12:56:08
467,105,Suggest situation three machine cultural to bit money often before instead book.,2025-07-28 12:35:46
468,60,Increase group according candidate why professional off note could we.,2025-06-15 05:13:00
469,334,Ten worker them six remain state yard same data sea per so.,2026-01-27 23:23:35
470,458,Analysis sit not step administration first system far cut.,2025-06-21 09:54:18
471,67,Admit movie ten black decide ahead sign agree quality capital.,2025-12-30 03:02:24
472,44,Page myself money responsibility herself whom per hundred every weight.,2025-04-19 05:33:00
473,284,High wife case describe every glass summer contain admit pattern head town everyone.,2025-07-04 07:18:22
474,201,Product radio her energy reason necessary record admit catch which perform.,2025-04-02 22:38:52
475,326,Court western let language determine resource.,2025-09-03 21:38:40
476,233,Four record treat music quality sometimes but page.,2025-10-29 13:48:09
477,474,More center dog treat across memory stuff radio window nation thank care.,2025-08-31 02:06:29
478,467,Investment difference really best he last enjoy.,2025-12-17 21:32:53
479,70,Statement hot property none action send factor rock.,2025-08-07 20:30:47
480,433,Could behind law field yet them range attention.,2025-11-19 01:32:59
481,190,Maintain new sound defense model pattern similar.,2026-02-06 13:45:46
482,151,Can him card enjoy bar one summer.,2025-09-21 06:38:31
483,361,Top eight little program maintain issue.,2025-08-02 03:55:12
484,15,Forward under down authority half say thus would say size civil network.,2025-10-28 05:10:46
485,337,Stand ok kid policy small choose hope.,2025-07-03 10:58:55
486,210,Financial letter available speech cell question thank begin everybody own wonder its.,2025-05-14 07:20:21
487,432,Rock more public yourself car dog involve there option bill cut style leader.,2025-05-05 02:49:04
488,149,Cell religious grow sense issue major relate.,2025-04-25 08:21:24
489,496,Worry animal as attack reason example soon want best service rate.,2025-05-05 14:49:49
490,317,Who clearly hour partner buy whom heavy close young.,2025-06-19 17:12:30
491,364,Whole environment stage write sound necessary check imagine he new night.,2025-06-27 13:19:03
492,239,No order recognize other discover production business.,2025-04-12 06:30:18
493,265,Year brother itself issue hear culture spend throughout pick dark development administration.,2026-02-09 15:26:36
494,16,Its account idea director economic one her focus commercial newspaper fly when.,2025-07-13 18:14:59
495,129,Rather already interview who kitchen type experience of until tree.,2025-10-11 11:45:33
496,31,High several itself we own two present southern risk role.,2025-12-06 07:13:22
497,256,Education occur program else simply involve cell food.,2026-01-08 13:50:41
498,91,Laugh business age season tough also style someone term.,2026-03-18 23:55:06
499,375,Low yet threat two begin stand official Congress answer apply down.,2025-11-08 19:31:36
500,141,Myself report unit speech animal world.,2025-07-18 02:03:10
501,95,Tough interview expect nation outside eat range firm lot both partner since right.,2025-12-16 16:48:30
502,356,Color those assume politics member relate show.,2025-08-17 01:25:26
503,379,Score side knowledge wall cell public vote.,2025-04-18 13:17:06
504,449,Happen nor field commercial season play employee page.,2025-09-18 23:37:01
505,161,Safe civil wind however space discuss hit up dog summer attention yourself.,2025-12-22 13:28:05
506,97,Tell ground character clear technology seat news crime check fish small.,2025-08-31 06:49:47
507,209,Young indicate air nature continue enough hotel lose so return join oil within.,2025-06-10 22:46:02
508,219,Focus choose federal seat available success direction stock.,2025-09-28 19:51:20
509,453,Clearly speech necessary suggest believe film.,2025-11-08 21:17:00
510,105,Clear former throughout green seat cost true cost operation half.,2025-12-03 08:20:02
511,275,Form whom act outside protect use girl actually along leg southern.,2025-10-27 21:48:35
512,427,Her address catch various table us question likely.,2025-08-30 07:44:13
513,166,Letter one mind take edge top begin assume help hair decide professor.,2025-09-19 18:32:00
514,224,Drug local born ball know among ask whether.,2026-02-05 00:08:22
515,427,Pay recently process put stay large.,2025-12-07 00:40:51
516,123,Course second break both article thousand.,2026-01-22 09:06:31
517,402,Spring edge describe light third practice decade.,2025-08-01 16:59:57
518,308,Only drop eight Democrat usually family movement well inside themselves as.,2026-01-26 07:35:03
519,383,Control dinner manager American before a color vote my international look.,2026-01-08 12:25:56
520,177,Apply hot customer worker range dark cultural have.,2025-03-24 04:56:35
521,111,Fly fact with continue write law the Mrs compare deal trip.,2025-05-16 12:45:14
522,497,Early religious specific and reflect increase college campaign place apply unit believe read.,2025-05-29 15:02:25
523,87,Issue opportunity decade company building bill stand adult daughter fly couple realize stay.,2026-03-21 17:11:34
524,438,Little art amount rate shake production.,2025-07-26 10:47:26
525,201,Build student large foot lead Mr research middle check fact live.,2025-08-06 20:15:58
526,264,Situation across purpose trouble poor piece citizen discuss describe who.,2025-10-26 09:39:25
527,475,Movement theory garden head understand hit mean write become no cause.,2026-01-26 11:25:25
528,117,One use effect market though top since car admit guess ground energy.,2025-06-02 21:41:00
529,202,Image out cut at push several product available consider home memory Mr.,2025-03-28 19:51:10
530,142,With even thing nor white half goal.,2025-07-23 08:38:10
531,357,Number edge offer magazine time business nice side remember.,2026-01-30 22:47:52
532,423,Put she tend floor letter man sea budget she want.,2025-06-06 05:44:08
533,216,Measure administration remain better weight stage agency music page owner include.,2025-10-21 09:33:07
534,96,Work growth after billion summer husband.,2025-11-14 18:13:34
535,330,Yeah despite name model hot throughout either.,2026-01-04 17:41:29
536,426,Station challenge share partner old wear mouth also plant.,2025-12-25 06:04:09
537,93,Special half walk child ahead face environmental project mission answer contain along season.,2025-06-26 06:31:38
538,191,Arrive too east policy instead executive spend executive while small check employee affect.,2025-06-22 16:11:38
539,194,Short should budget mother main star report serious.,2025-07-11 12:19:36
540,169,Your special look drop sea door chance bit agency consumer air.,2025-05-08 10:24:48
541,149,Accept part tell available gun travel field.,2025-12-29 03:47:53
542,484,Hot can involve trade watch positive talk.,2025-05-03 19:16:29
543,11,Size rather sign head organization quite.,2025-10-09 15:59:35
544,406,Prevent consider young conference majority we camera society evening.,2025-12-24 23:43:35
545,81,Mr job seek deep control professional wrong manager country road above point.,2025-10-07 23:37:57
546,410,Year carry individual address evening on role want.,2025-06-19 00:12:09
547,451,Structure candidate early teach away body type ability through crime near responsibility wrong.,2025-07-13 16:59:49
548,354,Picture military fast form many sell.,2025-10-28 01:49:05
549,370,Account agreement task debate stock recently save safe administration.,2026-02-19 06:46:42
550,426,Term discuss wide they management against.,2025-06-17 16:03:09
551,251,Clear practice here head where radio and idea apply hear speech.,2025-05-09 23:52:29
552,302,Yard charge catch black him administration party man close pay.,2026-01-09 18:11:59
553,191,Guess should citizen water catch some experience trial mission beautiful big each economic.,2025-12-23 00:03:06
554,31,Different instead style avoid clear rule close scene direction young.,2026-02-11 02:18:38
555,363,Since end might paper shoulder media.,2025-05-18 22:30:13
556,429,Position number news interview discuss live.,2025-09-16 11:24:43
557,218,Until play national party bank sit top according best no sort.,2026-02-25 07:28:37
558,29,Whatever finish couple eye important marriage fish lose reach someone our necessary add.,2025-09-01 15:16:54
559,368,Commercial goal job fire determine security.,2025-04-20 22:27:19
560,22,Resource right several goal be lay not education whole.,2025-07-26 03:31:05
561,332,Wall fight unit feel many result whether expert morning finish international nice arm.,2025-12-05 02:30:33
562,362,Against food rate leg second may loss.,2025-09-04 00:37:50
563,31,Sister value here over research office out.,2025-11-27 08:26:54
564,299,Onto season writer bring student young dinner get.,2025-09-21 15:45:58
565,370,And truth need about others now during suggest.,2025-10-09 14:19:16
566,304,Seat fact citizen middle laugh develop me property I what certainly case.,2026-02-08 07:41:30
567,365,Nation side benefit it improve else build for.,2025-08-07 19:16:20
568,186,Information enough true question time general part.,2025-11-10 10:35:28
569,419,Level theory Mr actually college short fill reduce identify church speech page.,2026-02-20 00:23:01
570,113,Line avoid bank fire wait peace responsibility eye believe quite.,2025-08-18 06:02:04
571,259,Occur response purpose than would once purpose.,2025-12-15 11:38:56
572,161,Begin just next difficult son career shake care.,2025-10-28 00:59:07
573,0,Onto religious billion road though old back should do letter region use especially.,2025-11-16 23:25:51
574,183,Student top quickly carry hard me kitchen kitchen news cost worker.,2025-12-12 03:09:12
575,160,Yourself his themselves sport remain man pick impact thank nor.,2025-10-24 11:27:40
576,229,Soldier investment TV I above energy call page worry.,2026-01-16 19:34:37
577,265,Last show court pay carry leave.,2025-12-26 16:56:54
578,107,Left city trouble data coach different Congress.,2025-06-20 19:54:43
579,109,Hit effect person according system nice hope region significant happen sure different.,2025-04-14 05:31:07
580,206,Nature alone fine enter and several amount moment.,2025-08-18 21:15:42
581,136,Pull culture manage agreement trip push.,2025-05-30 18:04:31
582,277,Board field option defense evidence cup well you fine.,2025-08-28 00:54:12
583,163,Under not act eat so current indeed.,2025-04-11 23:13:18
584,188,Training task less determine reach as style agreement region herself a left determine.,2025-10-01 23:26:17
585,381,Couple others result TV piece whether exist under difference.,2026-02-16 19:57:22
586,65,Up magazine teacher response effort section.,2025-04-06 16:24:49
587,140,Fund could collection international member citizen religious visit benefit check.,2025-04-28 12:00:26
588,211,Usually recent enjoy discussion song recognize.,2025-07-14 15:11:25
589,192,Where believe son vote game answer huge left.,2025-10-31 07:14:25
590,324,Garden event career western feel manage federal ground option language popular these Democrat.,2025-04-06 15:14:06
591,455,Opportunity responsibility kind decide off education see human move approach sign perform.,2025-07-25 18:58:54
592,436,Write red politics without whether growth.,2026-01-18 09:51:06
593,134,Vote news wear career green cold budget politics action.,2026-02-18 05:22:18
594,62,Technology wait hit camera wonder half site phone.,2026-03-12 04:17:40
595,285,As school Democrat well discussion when feel campaign mother yourself trouble call.,2026-03-09 14:04:00
596,268,Lead can rather moment read go push.,2025-04-24 09:06:31
597,235,Area especially help others reflect natural nor true.,2025-08-31 11:46:57
598,332,Less animal with sit fight key day.,2025-08-14 06:20:17
599,366,Bag ten like however able statement even.,2025-05-30 17:15:01
600,201,Voice continue pull budget go as although.,2025-08-12 21:39:17
601,142,Again time huge better throw mind try might view explain factor.,2025-11-14 21:55:00
602,274,Between measure something response lead sort him place add.,2025-11-10 14:09:48
603,341,Nation phone structure cover develop though condition oil use.,2026-02-01 06:38:20
604,445,Might able citizen agreement know term radio voice subject hospital involve she every.,2025-06-04 01:12:34
605,249,Couple become carry animal large piece hot point window hospital business task.,2025-12-02 09:10:14
606,234,Walk sometimes little trouble science begin kid.,2026-03-18 23:52:18
607,365,Task gas want western stay anyone.,2025-07-01 03:32:21
608,419,Sell born look keep country political military surface meeting game tend power appear.,2025-10-07 10:39:36
609,217,Laugh analysis myself note young strong one manage including man.,2026-03-23 08:59:24
610,133,Various special system step cell yourself determine scientist religious entire theory.,2025-06-29 22:02:26
611,164,Pattern cost process town fast significant keep chance.,2025-10-08 02:28:31
612,9,Southern development down side seek party simply determine most speak.,2025-05-07 19:49:16
613,320,Real citizen hand will form doctor record quality service although.,2025-12-13 19:47:51
614,425,At subject center spring very car style dog standard.,2025-07-19 09:12:56
615,459,Late staff charge pick girl more decision star some out painting suggest stay.,2025-09-04 09:56:07
616,140,Specific population forward right key sure last arm.,2025-11-26 01:28:14
617,147,Training whether where rise within magazine song hand drop impact prove argue.,2025-08-29 17:19:29
618,266,Discover year seat physical case case term.,2025-09-20 05:58:24
619,95,Color bar around allow practice little hope reveal that.,2025-10-10 21:06:43
620,171,Tv or glass ahead century support water design bag week including actually push.,2025-08-22 09:15:48
621,278,Idea challenge edge show lose food civil stock ball human reason song want.,2026-03-03 19:03:55
622,275,Thought training treatment interesting weight class act exactly evidence make.,2025-09-12 01:11:09
623,356,Shoulder everyone may anyone night receive edge.,2025-08-10 08:19:44
624,239,Generation court small capital according current.,2026-02-11 08:47:54
625,359,Charge since effort article town hundred in east.,2026-02-10 18:48:25
626,198,Reduce question effort prevent hand camera keep money agree guess family.,2025-04-01 15:23:58
627,98,Herself face water one bed body central process them floor fly.,2025-12-14 09:18:04
628,401,Page American father magazine several top.,2025-08-07 07:49:55
629,329,Real continue business commercial attorney nor.,2026-01-23 17:04:32
630,383,Yourself listen worker per take must exist listen street.,2025-12-20 17:51:16
631,178,Create under us fact do garden today future weight.,2025-06-21 13:43:52
632,390,Before network him administration senior method run garden within.,2026-01-22 20:01:54
633,304,Agent specific how data firm about.,2025-10-21 05:20:46
634,120,Throw read approach figure wide imagine way wall particular old travel wish.,2025-05-28 08:21:45
635,218,Light young defense road over other probably staff relationship heart.,2025-06-05 01:53:53
636,148,Treat than here program often myself economy age support increase successful.,2025-12-21 23:27:54
637,465,Each theory affect religious answer offer defense person drop consumer various standard.,2025-08-09 16:33:52
638,353,Owner enough cost consider forward pay charge cause Mr measure daughter water.,2025-06-02 00:04:58
639,355,Medical phone popular early off cup cut us institution draw number.,2025-09-20 11:58:44
640,286,Tax note official put dinner something stock occur baby us.,2025-05-05 18:29:42
641,339,Reason theory some avoid Republican quickly data address long concern already relationship.,2026-02-09 21:48:13
642,147,Majority but give fast during ball girl.,2025-05-04 05:49:43
643,234,Head election consider else then person western director state.,2026-01-08 21:25:08
644,330,Successful establish main present blue public fall.,2025-08-28 21:11:44
645,427,Thousand you save two stock glass figure.,2025-04-27 05:39:35
646,469,Country remember public determine certain keep fire win dark agency such question job.,2026-02-23 20:37:26
647,192,Difference prove teacher begin argue though through growth.,2025-11-03 16:33:48
648,57,Four gas maybe cover protect with her.,2026-01-10 02:40:18
649,19,Price several skill ability opportunity speech same enough science choose rise.,2025-10-21 03:16:05
650,485,Kind fall catch tough spend wind.,2025-04-01 19:26:50
651,360,Condition painting beautiful water some house policy baby year environment government month factor.,2025-10-08 17:38:45
652,195,Accept stand bring human scientist trade.,2025-08-27 15:53:48
653,193,Near feel reason wish poor sport significant never.,2025-11-12 10:29:54
654,469,Dark get such need its letter again red.,2026-01-26 21:23:55
655,291,History fill note federal product picture police staff.,2025-06-17 01:59:30
656,34,Tv out long conference who letter relationship scientist difference entire cultural.,2026-02-13 07:35:18
657,353,Someone event development animal happy social stand indeed interest affect.,2025-07-14 14:06:51
658,439,Recently meet among she good choice as themselves six beat.,2025-11-09 10:25:36
659,386,Career by both open hold which free reality cost short oil benefit remember.,2026-01-07 08:39:38
660,265,Buy name another pay expect bring reason.,2025-11-02 04:17:40
661,238,Current sport hope carry bank produce full respond.,2025-06-12 09:50:27
662,273,Rate suggest specific follow seem you role relate professional soon.,2025-06-17 01:38:46
663,370,Our set add method not work serve mean decision material someone believe explain.,2025-04-17 19:40:02
664,229,Away most whatever trial soon area hair American daughter.,2025-04-01 12:17:00
665,275,High election else lay general reflect site land.,2025-11-27 12:20:48
666,455,Interview task since as yet site view.,2025-11-04 06:36:32
667,58,Picture option medical other about east able.,2025-08-25 05:27:02
668,77,Society any everyone rest notice without hospital clear space.,2026-02-02 21:47:04
669,354,Continue yet usually issue usually democratic pattern catch country school weight.,2025-10-03 15:36:37
670,114,Myself already charge must small animal several will paper get answer important agreement worker.,2025-06-01 06:37:03
671,224,Watch carry analysis kind wait president.,2026-01-12 18:47:13
672,107,Heart seat sometimes within fear improve center carry they street song life.,2025-06-29 06:50:00
673,308,Record right leave budget various civil range.,2025-06-12 06:01:01
674,484,Base summer one budget air name history ten ready song sing.,2025-04-21 09:25:50
675,50,Author hour affect mouth fear build science back response environment shake.,2026-03-04 06:45:36
676,244,Worry example hand time member fall it.,2026-01-16 12:34:07
677,192,Far perhaps rock fly compare early grow budget personal.,2025-07-31 05:29:45
678,29,Bar ready cut who control opportunity power around rather.,2025-09-17 09:21:23
679,311,Care people development whatever seat discussion plant back allow factor ask.,2025-06-14 06:21:24
680,252,Turn professor employee business inside guess piece.,2025-07-13 05:19:47
681,265,Husband suddenly open both want real outside black husband reason happy politics.,2025-04-01 10:37:48
682,270,Media next look world stuff religious sit skin fire government.,2025-07-23 06:14:30
683,480,Soon enter ground wish carry attack past dream full year business office soon.,2025-11-07 14:22:59
684,369,Beyond important lead meet option discussion red remain notice soon next agreement moment.,2025-11-13 08:48:10
685,33,Certainly same dinner table tax city see.,2026-02-25 10:34:17
686,27,Far approach onto apply listen condition bit consumer specific actually travel join they.,2025-08-02 10:14:09
687,490,Modern within brother rule lawyer education change one sort trade.,2026-01-13 05:56:33
688,237,Sister school where message decision American consider often responsibility meet.,2026-01-21 13:12:28
689,265,Eye entire our red trade summer.,2025-10-26 17:14:05
690,336,Level television executive decade dark through pick adult store protect animal might treat.,2025-06-07 12:53:43
691,216,Series bar himself arm father professional create enough.,2025-04-25 03:58:10
692,345,Skill possible country staff coach best onto even bar let probably feel.,2026-03-07 15:04:41
693,298,Wide case who say red human son view bill church.,2025-11-28 11:30:41
694,410,Low military audience cause popular rest their sound.,2025-04-13 00:44:43
695,183,Moment mind specific account network consider many.,2025-04-15 01:50:01
696,24,Go into agreement science computer break because.,2025-06-03 19:24:27
697,379,Day yard sing month herself institution lead successful store street.,2025-12-07 16:50:52
698,231,Decide student meeting environment situation long safe stuff as fall idea.,2025-09-27 18:40:09
699,422,Bit expert treatment once small student side image finish guess.,2025-10-01 22:59:46
700,148,Beyond street mind mind beat small item hotel wrong style difference line clear.,2025-08-13 03:45:59
701,439,Minute ball approach thought may financial assume front social cell.,2026-01-03 09:52:59
702,477,Physical successful wonder peace last believe.,2026-02-10 14:38:11
703,93,Last enough generation phone stay follow grow successful agreement between trip create.,2025-08-01 19:41:52
704,362,Wide section pass day front join thus another remain age.,2025-04-04 04:30:59
705,116,Buy anyone campaign use company stop bed organization personal near.,2025-12-31 16:27:58
706,119,Size war poor such number prepare above push oil dark particularly.,2025-08-02 02:05:16
707,184,Class stage long wall bar one such general factor strong office could tough.,2026-02-22 14:13:54
708,408,Class for vote what hold pattern opportunity claim president.,2025-04-17 02:57:57
709,213,Majority something receive player glass defense economy check ready bed.,2025-07-17 06:10:32
710,233,Again night oil character research house property care look support all stage.,2026-03-13 22:22:13
711,44,Cell bit pressure police two paper.,2025-07-21 17:54:41
712,101,Star city morning decade color letter group where the we find respond.,2025-10-06 06:20:09
713,169,Air president kid list article national policy.,2025-05-02 02:53:11
714,248,Forward mind step see hand big.,2026-02-14 02:51:22
715,113,Fact almost better north wear process bit if remember morning organization instead admit.,2025-09-27 10:37:40
716,362,Character entire public news ever building know television already accept professional call.,2025-12-25 10:13:47
717,448,Skill bring the order easy plan stay already.,2025-07-24 16:30:17
718,415,At enough occur option material him television billion international low kitchen.,2025-04-27 20:32:41
719,6,For school energy individual none risk.,2025-06-22 21:26:51
720,388,Short we family room house body sit off often take those.,2025-11-30 19:06:08
721,349,Where week the painting class officer arm pressure wide perhaps here north.,2025-08-08 11:33:31
722,63,Would market during education responsibility whether.,2025-10-11 19:54:03
723,160,Plan talk fight author next control.,2025-09-10 18:57:53
724,67,International top there community play total face president.,2025-07-23 17:05:24
725,380,Main attorney radio administration follow any large population become.,2025-06-27 01:59:50
726,268,Power same manage top you maybe.,2025-08-27 15:13:16
727,116,Goal chance red fish on both soon.,2025-12-31 13:52:16
728,144,Education available station leg big tree miss anything short PM.,2025-08-14 06:15:40
729,147,General manage job road course stuff poor will home play.,2025-08-02 20:29:09
730,34,Throughout role quite west though stage fill stage language.,2025-05-26 08:29:06
731,375,Wrong half side play require will quickly analysis also someone action.,2026-01-21 03:04:32
732,220,Interesting year personal those attack near.,2026-01-31 12:17:25
733,62,Ability always first bad say attorney fill loss sense face painting.,2025-06-04 03:26:57
734,465,Space recognize unit adult base way know girl hundred room college social.,2026-03-06 22:35:42
735,112,Decide response order current allow such summer the discuss unit.,2025-07-04 23:59:30
736,351,Measure crime speak above leg experience tree billion guess early.,2026-03-01 18:08:34
737,187,How throughout goal eight deal speech letter keep who.,2025-04-10 07:49:05
738,428,Natural beyond federal money team front dog several fight measure how produce.,2026-01-17 18:01:59
739,221,Development environmental action instead health party.,2025-08-14 02:07:56
740,373,Role environment whole her bar whatever rise apply main blue especially American.,2026-03-06 06:23:14
741,161,Page age decide of sell more should call approach father reach.,2025-10-01 17:01:44
742,323,Public country court standard may federal home sound.,2025-08-25 03:40:57
743,470,Agency form than low water sport agreement.,2025-07-16 02:15:54
744,229,Decision hold have similar factor third world show kitchen state.,2026-03-11 07:04:01
745,491,Fire be face main put store best spring return marriage third sit.,2025-10-27 00:29:04
746,125,Across itself miss property image able while week address cultural fire increase miss.,2025-10-01 09:19:24
747,400,Game administration court day born career herself.,2025-04-27 14:09:14
748,175,Body end it family finally consider southern thousand six audience.,2026-03-22 02:27:40
749,65,Guy million themselves college better surface attorney poor set garden much become writer.,2025-03-27 15:58:12
750,472,Effect successful reach the sign adult around relationship seek citizen main production.,2026-01-05 23:13:46
751,12,Clear could discussion month lot glass.,2026-01-01 06:28:56
752,417,Do receive value window remember save movie phone choice choose hand.,2025-09-20 11:59:47
753,466,Forward eye prove worker investment consider lose check benefit future.,2025-06-30 23:57:27
754,417,Draw development build most note resource over build seat.,2026-01-13 22:19:58
755,278,Check tonight necessary friend into upon suggest land strong school.,2026-01-12 06:54:23
756,18,Fight term positive fill country data machine purpose wind.,2025-06-30 22:36:56
757,336,Suggest information economic I peace law.,2025-04-07 22:00:15
758,455,Total human husband Republican cover heart itself situation teacher war letter.,2025-08-20 04:37:10
759,409,Style political once evidence explain edge message wish million main do card.,2025-10-27 09:44:49
760,355,Decide kitchen stay story design because road hope court while what heart who.,2025-05-31 22:23:43
761,440,Another head national without produce apply message.,2025-10-08 15:03:05
762,27,North my protect black fact design game candidate.,2025-08-01 06:11:15
763,483,Occur blood away cut near million stand only lawyer speak middle scientist exactly.,2025-10-31 04:52:25
764,281,Suffer party source believe culture no oil.,2026-03-06 13:34:07
765,79,Left society her analysis free address citizen mention base reduce tough organization.,2025-04-19 11:15:25
766,464,Clear resource list although and six town small entire loss whole station vote.,2026-02-26 20:45:04
767,101,Recent with plant Mrs present personal argue better soon human.,2025-04-14 20:31:37
768,235,Others boy stuff drive understand voice personal police staff someone serious leg laugh.,2025-10-10 17:54:26
769,259,Recognize line spend health apply consider.,2025-11-20 20:57:54
770,44,Hair rise control save traditional idea base Congress condition indicate produce.,2025-12-21 12:03:01
771,288,Despite almost garden research another within avoid lead local sign.,2025-05-08 14:55:13
772,201,On win product hot few you behavior pay real six truth nation happen.,2025-11-16 17:46:25
773,244,Must perhaps debate free audience peace.,2025-10-30 03:51:55
774,50,Author share by computer should business example practice skill or example six rule.,2025-07-08 19:17:26
775,395,Sell leave whether fish board everything newspaper doctor.,2025-08-03 19:21:11
776,479,Everyone budget member follow table walk begin fine ask adult us.,2025-05-11 19:58:29
777,23,Attorney street work budget role shake source.,2025-08-22 18:55:17
778,106,Serve well maybe campaign old whom try case.,2025-06-27 10:27:10
779,25,Explain research generation finally tell design sort store free your sound.,2025-04-03 11:31:11
780,57,Clearly TV control movie myself outside paper less social several hotel hear.,2025-12-04 09:28:03
781,302,Local themselves purpose ask receive win save trip discuss home dinner once time participant.,2025-11-20 04:39:58
782,283,Responsibility product government in level seek alone into himself himself our weight leave north.,2025-10-25 08:24:41
783,273,Color thus wear author all protect protect movie push light want design current.,2025-10-06 19:08:04
784,85,Newspaper run protect foot risk follow financial system field happen its.,2025-12-09 09:53:57
785,68,Technology deal late cover life tend recently plan.,2025-06-09 07:07:53
786,22,However join success lay development worry around along lot common tree happen.,2025-12-03 15:51:20
787,443,Environment eat health water sing travel approach same.,2025-08-15 15:50:41
788,408,Question push we seem someone development well trip save money society draw.,2025-09-04 13:07:11
789,22,Hit specific staff person car start agent.,2026-01-22 11:46:33
790,133,Head compare speak describe use apply base people hope case sometimes last building.,2025-04-15 03:48:16
791,1,Group moment but success wind pattern open.,2026-02-04 20:39:16
792,346,Partner create feel forget agree choice popular simply every spring school he run.,2026-01-01 09:15:22
793,187,Party team over nature manager build wind after lead history.,2025-12-01 20:50:04
794,5,Baby reveal know recently way keep executive economic some minute success.,2026-01-07 23:58:49
795,202,Talk stand day cut character happy.,2025-05-30 19:08:28
796,106,Expert door involve region down big late movement maintain billion spring system.,2025-04-05 21:56:25
797,303,Evening everyone expect response fight bring leg line else training along garden election.,2025-12-31 12:01:41
798,286,Style every minute theory prepare race image quickly phone.,2025-10-12 15:40:34
799,478,Learn society wonder worker development laugh your enough.,2025-05-12 19:56:40
800,13,Admit happy mother mother building himself create mention big.,2025-04-01 23:57:10
801,193,Social lawyer American couple take international sometimes.,2025-08-11 05:52:44
802,121,Range behavior partner similar member carry research day American.,2025-09-26 20:52:48
803,253,Kid line play someone ground protect speak least firm trip responsibility writer.,2025-11-07 10:32:42
804,208,Heavy network bit simply service hope environment time appear.,2025-10-18 22:34:06
805,59,Analysis impact risk almost trade ball according they throughout chair source various.,2025-06-17 11:00:49
806,268,Doctor serve wear city western community animal present bit property campaign save.,2026-02-09 16:37:09
807,185,Part often myself property quality customer dream exist north.,2026-01-31 08:54:03
808,103,On while writer this find see two off standard.,2025-12-12 07:58:52
809,484,Wait sense indicate value red item result fall just bit name soldier six.,2025-08-01 06:11:34
810,230,Compare information these skin seem coach arm community southern language today citizen grow more.,2025-08-08 19:56:24
811,298,Only example pay business he once simply phone commercial card name.,2025-10-01 10:14:45
812,385,Can great include people play eat performance present partner control dark story.,2025-06-19 19:03:38
813,451,Find area thought listen recognize life nation particular.,2026-02-12 07:47:32
814,350,Enjoy with product line all see total civil itself who she.,2025-05-17 19:49:45
815,376,Machine service soldier always on property now around teacher hair national become.,2025-12-04 17:19:50
816,440,People brother apply must control father success change range little.,2025-08-01 18:24:09
817,59,Word five table significant need beautiful late foot game opportunity physical general.,2026-03-16 04:10:15
818,354,Accept read success of senior doctor move measure people rest design study.,2025-12-07 01:00:52
819,314,Stay get election clearly bag world though fish.,2025-10-26 10:44:56
820,213,Send situation way successful nation figure body.,2025-08-23 21:33:07
821,92,Rich foreign tough stuff quality this may some single scene green.,2025-05-27 22:11:25
822,24,Improve many thing page study of live little until.,2025-07-01 11:16:29
823,253,Have director argue score our professional truth effect brother best service oil politics.,2025-07-02 18:47:23
824,452,Guy evidence recently short how employee plan kid town seem TV.,2025-05-01 06:31:53
825,24,Drop knowledge space result response court drive study.,2025-07-02 22:39:06
826,164,National company film yourself any hot.,2025-06-30 14:39:05
827,212,Dark term teacher feel capital operation medical those.,2025-08-24 05:24:40
828,107,Game military human life treatment stock return try indicate shoulder.,2025-05-26 17:22:11
829,360,Part ever information major argue again budget fall upon run particularly.,2026-02-01 23:46:39
830,134,Base big listen fly know side opportunity kitchen reality.,2026-02-26 09:49:36
831,480,Activity popular teacher attorney apply member good the wonder agreement eye buy.,2025-11-10 08:08:39
832,107,Good collection generation get human anything oil along nor child shoulder.,2025-09-20 05:46:34
833,114,Marriage prepare investment at from modern wonder whom organization.,2025-04-02 08:50:51
834,263,Government thousand night month across owner rate share bit hair color Republican.,2026-02-08 07:52:15
835,405,Indeed stock focus watch cost make world subject early cell pass.,2025-04-08 15:25:42
836,309,Argue action certain feel do check join represent his.,2025-11-08 23:01:43
837,283,Them clearly tend use actually consumer.,2025-04-20 15:21:21
838,278,Push throw authority finish capital look require ground glass community mind.,2025-07-16 13:20:59
839,74,Suggest per present artist up clearly exactly.,2025-09-11 22:00:29
840,462,Soldier knowledge world seek student hit design design child.,2025-07-18 15:13:01
841,133,Travel authority foreign experience she war give tree ten each money rather.,2025-10-10 21:54:25
842,281,Information stuff six agreement including team purpose hundred interesting loss according.,2025-06-20 00:17:48
843,146,After process finally arrive bring heavy.,2025-12-20 17:26:16
844,70,Summer partner citizen try unit article.,2025-12-06 22:03:43
845,116,Return summer board point next address brother learn table.,2026-01-07 19:06:12
846,253,So capital then knowledge culture market data child while study hear past.,2025-10-14 05:53:09
847,204,Knowledge within trouble ten total training similar history sort.,2025-05-09 11:43:59
848,450,Side image movie consider point instead child.,2025-09-12 00:12:59
849,248,End sign forward piece friend education simple suffer.,2025-12-08 21:27:47
850,136,Determine yard challenge environment hope agree before establish direction clear.,2026-01-15 03:29:14
851,271,Develop use wear behind memory friend establish between full.,2025-09-29 16:32:19
852,267,Long receive music serve often ability morning behind strategy cultural.,2025-12-04 12:54:35
853,469,Lot history author tonight task stay ready better chair discussion my front.,2026-01-20 13:21:53
854,195,Main behavior suffer decade though media class cut gas throughout argue industry.,2026-03-17 19:15:22
855,46,Whose result score painting technology several manage staff respond.,2025-07-22 09:20:34
856,65,Enter enjoy baby Mrs guy reach seven.,2025-10-16 13:45:29
857,237,Resource statement democratic reduce social produce dog American.,2025-04-19 22:33:36
858,319,Second education teacher you along of people.,2025-11-27 05:01:44
859,211,Yard pass most grow claim analysis.,2025-08-11 14:02:49
860,262,Home yet lose family movie fall change green prove.,2026-01-14 01:41:38
861,382,Personal suggest leave end claim turn relate food thought language.,2025-12-31 07:03:59
862,157,Drug suddenly paper kind compare sister.,2026-01-30 20:04:15
863,353,Affect thousand where sport time upon reason child.,2026-02-15 12:29:11
864,364,Hospital reduce turn song go simple eye walk capital.,2026-01-30 13:01:07
865,366,Model cut race price during step reach community national.,2025-06-24 18:05:32
866,287,Many western research thank job attention value blue great.,2025-08-21 15:34:45
867,140,Out behind away politics popular tend along prevent million own try road box.,2025-03-25 21:38:15
868,394,Seek green seven manage mind century move.,2025-12-06 17:35:26
869,497,Final black nature remember reason reflect side edge race range mean hear special.,2025-11-21 19:56:08
870,164,Second no direction discover place charge hospital section their along for.,2025-09-15 22:12:38
871,280,Deal north factor spend difficult statement true might almost enjoy.,2025-05-11 06:36:42
872,24,Respond feel tax yes up down cut computer bad while car instead check.,2025-11-28 07:42:56
873,443,Man bring level among bed material avoid which worry property else together contain.,2026-01-05 01:46:08
874,235,That middle practice smile region affect opportunity within local together would.,2025-06-01 18:56:55
875,47,Million shake carry I we piece reflect art.,2025-11-07 01:17:38
876,388,Carry pressure believe natural care hour early fight computer drive ask happy bit.,2025-10-19 18:36:37
877,82,Reduce time boy work possible live plant focus claim there.,2025-06-18 06:04:11
878,54,Civil consider draw particularly arrive main scientist bill owner foot standard.,2025-09-14 07:08:48
879,296,Need car finally do finally book standard.,2025-09-10 05:58:45
880,337,Continue computer situation them the state hundred sport while scene.,2025-05-17 17:14:22
881,458,Sound fly page wall watch character now smile him.,2026-02-18 06:21:37
882,179,Remember late new garden since at matter five.,2025-09-09 08:18:26
883,349,Fire truth yes everything new war center region.,2025-04-23 20:49:44
884,299,Think majority player democratic door brother environmental.,2026-01-13 12:05:17
885,4,Health second dinner open sort seek star few place front.,2025-05-21 16:26:00
886,287,Century science agent walk score likely beautiful nature fall thing pretty technology.,2026-03-13 00:06:23
887,163,Use college art pick art different kitchen else experience enter.,2025-09-02 08:21:40
888,397,Process really special skin attention hard customer news other without hospital her cultural.,2025-09-16 16:07:39
889,295,Hospital crime teacher camera indeed energy military.,2025-11-05 02:29:37
890,94,Drive computer Congress mean five moment become.,2025-09-24 09:40:34
891,477,Clear glass answer cultural safe artist world.,2025-10-12 07:52:06
892,59,This effort side want light notice whom share card.,2025-12-25 18:29:14
893,445,Thousand else here administration usually class.,2025-04-23 05:45:29
894,453,See soon give challenge contain pay reveal bad everyone agreement.,2025-11-05 10:20:55
895,420,Rest unit movie provide watch movement industry mean memory team similar.,2026-03-21 08:08:24
896,68,Research let town everybody citizen the believe product be great especially answer.,2025-12-04 20:30:23
897,214,Must series TV thing consider join return finally.,2025-11-03 09:11:03
898,32,Recognize positive smile attention ground education design tend half ground.,2025-10-20 13:51:41
899,6,Movement determine fact none discussion current several join inside.,2025-11-09 22:37:38
900,485,Star about term record project prevent system with.,2025-07-10 12:56:45
901,432,Away kitchen either service relationship school near effort son create similar true.,2025-06-29 16:39:24
902,313,Technology thus maybe significant account history whatever organization.,2026-03-20 11:34:21
903,346,Marriage unit learn follow level traditional explain something.,2025-06-11 00:25:01
904,279,Civil involve feel and black article cold detail look plant hear.,2025-11-18 11:50:46
905,492,List especially federal however step new produce painting his option enough.,2025-05-03 10:23:55
906,228,Artist nation until or house suddenly.,2025-04-25 10:14:08
907,401,Pay against interesting like try send analysis different because build detail condition walk.,2025-11-25 05:51:00
908,499,Fly blue give nearly somebody order itself we.,2025-10-25 07:08:07
909,458,Stage sport might wrong forward improve.,2025-04-24 08:54:59
910,318,Ago note wall when machine site plan above south federal religious behind.,2025-08-16 08:14:05
911,222,College put behavior cultural help bring clear everyone let concern special challenge.,2025-05-04 01:52:51
912,175,Year question century she current industry father recognize edge first art.,2025-12-26 17:04:45
913,355,Style politics drug professor pay someone Republican father star note into.,2025-07-11 21:08:26
914,20,Read executive down ready treatment seek receive mention first kitchen seem.,2025-03-31 00:06:39
915,313,Anything car theory wrong name pay.,2025-07-20 09:03:50
916,222,Term hour this executive medical day.,2025-04-20 14:00:43
917,54,Turn take enter set seem like same light.,2025-10-11 21:25:20
918,254,Western others generation success spring part career industry memory thought discuss because debate.,2025-04-01 14:40:35
919,43,Talk right citizen rock purpose later amount candidate fear around political.,2025-06-12 20:04:28
920,34,Area detail tough risk floor point over.,2025-10-21 00:18:55
921,203,Change weight power image enjoy concern wrong.,2025-06-28 06:24:01
922,265,Body forward what tax reason task by red four can rate.,2025-09-12 04:11:43
923,68,Our participant address least course better spend guy consumer billion especially director you example.,2025-05-16 03:55:42
924,3,Baby common deal way true authority during me resource anyone shoulder live.,2025-07-21 04:49:20
925,217,Between this professional understand final break sit ready dream.,2025-04-07 02:34:19
926,455,Reveal control identify nearly including also onto.,2025-06-30 23:01:03
927,155,Yes focus customer indeed nation kind heavy enjoy age necessary seek recently memory him.,2025-04-02 19:26:03
928,170,Full coach better yourself hear act until tax require interest finally.,2025-12-30 20:11:37
929,322,Discussion media something enjoy goal college.,2025-11-22 13:44:41
930,76,Other today board speech so cultural consider occur management white.,2025-11-25 20:38:48
931,317,He skill outside eight interesting ten follow loss mean night pick everything edge.,2025-12-12 02:40:01
932,371,Manager without before safe near lay group may federal sort economy since while.,2025-06-10 00:22:14
933,119,I and design little moment hair eat view indeed various.,2025-10-28 12:11:01
934,71,Especially live specific ever hope evidence most region data support positive.,2025-12-16 15:56:36
935,44,Learn including along inside population energy candidate push happy agreement law.,2025-06-14 22:26:22
936,345,Agree have action toward scene of this.,2025-04-21 08:13:18
937,69,Beat executive though when right several fish your peace born.,2025-11-01 04:19:23
938,356,Him authority environmental discussion bring often professor shake course bed money once.,2026-03-04 21:59:04
939,385,Speech claim situation too loss technology lay southern field.,2025-05-15 10:22:57
940,92,Bad check someone middle garden science word build your everyone.,2025-05-28 20:51:49
941,27,Picture Mr generation order more west tell understand teacher measure.,2025-07-12 11:11:26
942,52,Admit time reflect exist trip town somebody.,2025-09-10 22:10:48
943,114,Hundred itself source cell improve international traditional item network knowledge pull at.,2025-07-22 06:31:04
944,232,Business position now remain play through then knowledge class fall bill beat.,2025-10-18 12:05:24
945,316,Sound different court change high right five everyone west enter oil water.,2025-10-22 08:58:09
946,417,Onto think else north people attack support once their.,2025-05-10 19:47:35
947,138,Might office interesting order they collection.,2025-07-25 22:32:45
948,173,Knowledge thousand total sit author home behind floor activity threat major.,2026-01-16 03:44:09
949,344,Message task cell first Congress claim record why purpose daughter mother.,2025-05-13 17:22:41
950,267,Area evidence soldier sense I about glass age.,2026-02-24 18:27:51
951,175,Hard wall already to weight fast child tend activity.,2025-06-22 19:44:54
952,376,Of let major police star travel room piece sister tell statement modern fight.,2025-05-21 16:36:59
953,8,Improve week expect hospital age part way beyond style.,2026-02-18 21:42:19
954,94,Expert pattern affect defense position professor suffer dream loss free party tax vote.,2025-06-06 14:02:35
955,201,Across pass daughter foreign specific paper also thought may.,2025-12-24 15:36:38
956,347,Produce per owner morning last also.,2025-05-16 06:28:32
957,80,Save data among few movie race.,2025-08-25 20:49:55
958,339,Painting service above company how alone sure generation single since special.,2026-03-13 03:43:52
959,399,Money campaign modern economic allow can smile last finish list.,2025-10-03 21:50:58
960,402,Small help head every design manager successful can team cause concern anything.,2025-09-07 15:13:58
961,311,Business guess open spring month east finish impact scene collection news big media.,2025-10-29 08:50:09
962,108,Authority she material never body education.,2025-10-31 02:38:57
963,201,Gas science nor rock interview authority second allow year ability would into.,2025-09-28 13:12:20
964,3,Official body herself cold my west she offer big.,2025-09-18 10:24:41
965,9,Few him hospital thus doctor degree full realize identify Congress.,2025-12-27 18:51:04
966,456,By window low purpose military himself interesting answer kind box administration.,2025-09-02 05:14:54
967,221,History nor experience while end choose claim across Mr including.,2025-09-10 09:10:19
968,379,Bit able according foreign during station down necessary very.,2025-07-02 18:15:21
969,138,Great individual across cell experience tough system wear pay try city young prepare.,2025-09-02 10:18:27
970,396,Beat authority kid know practice city year site among address day author break.,2025-06-23 18:39:49
971,307,Business visit entire campaign easy work statement such great opportunity.,2025-06-22 18:22:32
972,307,Protect central soldier wrong hot decision staff Congress machine money.,2025-07-15 15:45:44
973,61,Head really move middle near drug partner owner.,2025-10-23 19:49:53
974,85,Just talk us will begin your.,2026-03-19 17:45:53
975,485,Join once team security middle appear foreign business land huge foreign.,2025-07-05 06:15:57
976,270,Draw above artist wonder give road situation bag.,2025-08-12 19:35:04
977,8,Blue partner rise always imagine just catch behind kid service.,2026-02-07 16:31:23
978,138,Maybe down century appear product explain tree arm whatever bit police attention glass.,2026-01-11 13:54:12
979,242,Scientist government able commercial though kid.,2025-04-15 22:42:48
980,450,Energy likely statement nation under three service must present center in.,2026-02-24 21:22:05
981,80,Enjoy need assume compare summer much television choice state.,2026-01-15 18:37:48
982,491,Thing human author part music economic some.,2026-03-05 21:29:46
983,102,Development performance politics choice environment bar PM several hair.,2025-10-18 08:42:13
984,228,Way majority themselves single then about three.,2025-10-27 16:33:48
985,42,Senior surface choose generation no forget safe some which old technology within.,2026-01-18 06:19:24
986,493,Huge water gun inside develop business into.,2025-08-10 22:01:12
987,37,Letter trip job firm art against police hold pull little although over market.,2025-12-10 06:47:00
988,165,Understand detail religious wrong name which.,2026-03-01 04:11:21
989,419,Phone fast allow pay in charge concern bed occur social.,2026-03-19 03:46:18
990,288,Himself worker answer performance author hand challenge require school agreement nor.,2025-12-03 21:25:52
991,389,Federal same after war attack lot those leg.,2026-01-04 04:55:24
992,114,Eight raise than reveal actually argue.,2025-11-14 10:51:06
993,120,Artist visit hear test audience food meet drop support already.,2025-05-10 20:51:57
994,301,Specific table boy house example town society game that despite face wide into.,2025-04-24 02:38:49
995,336,Church measure marriage few news note agree.,2025-09-12 13:55:58
996,313,Remain Democrat in require effort point trade.,2025-06-19 19:21:55
997,259,New trade impact color high nation hot sit reflect.,2025-04-12 13:43:06
998,160,If none audience season nation town change life official head concern.,2025-10-19 06:43:08
999,164,Peace that six daughter record control ball.,2026-02-17 12:35:42
