user_id,name,username,email
0,Sharon Wilson,smithheather,nealbruce@example.org
1,Craig Watkins,craigjulia,carriedeleon@example.com
2,Aaron Davis,williamsrobert,kim48@example.net
3,Michael Green,cjohnson,vanderson@example.net
4,Timothy Stephens,matthewfox,ymartinez@example.com
5,Jennifer Cochran,pmcintosh,christinalee@example.com
6,Joseph Garrett,riveratroy,msloan@example.net
7,Joanne Matthews,taylortara,druiz@example.com
8,Timothy Salas,jacksonjamie,welchcaroline@example.net
9,Michael Wu,mary68,lawrencegutierrez@example.net
10,Ruth Ellis,abigail78,micheleperez@example.com
11,Teresa Dickerson,cantujohn,coleelizabeth@example.org
12,Amanda Perez,xcarter,katrinatorres@example.net
13,Jennifer Martinez,annetteschroeder,parkerkatrina@example.org
14,Kevin Johnston,clin,mitchellpotter@example.com
15,Debbie Ramirez,vbaker,carolinebradley@example.net
16,Debra Arnold,xmercado,tammy93@example.net
17,Clarence Russell,baldwinjulie,tracykirby@example.com
18,Mary Foster,asmith,ualexander@example.org
19,Heather Johnson,dsherman,chadlin@example.net
20,Mark Sims,npatrick,jeremy77@example.org
21,John Clark,lopezstephanie,jeffrey17@example.net
22,Gregory Blake,bobwilson,davisbenjamin@example.org
23,Jonathon Wilson,areynolds,matthewsanchez@example.net
24,Jennifer West,christopherboone,reginahubbard@example.com
25,Alexandria Brown,bergercheryl,mtaylor@example.net
26,Charles Fitzgerald,andreastevens,brianna46@example.com
27,Denise Riley,hwilkins,sgomez@example.com
28,Jessica Burke,mercadobenjamin,hillhailey@example.com
29,Ethan Sanchez,zdillon,johnramos@example.com
30,John Richard,danielwinters,rmunoz@example.com
31,David Smith,vmorgan,bhogan@example.com
32,Keith Brown,kmorrison,lawrence10@example.net
33,Lauren Miller,kennethellis,yharris@example.org
34,Monique Simpson,nlandry,thomasadam@example.com
35,Sean Yu,qhale,shannon56@example.com
36,Emily Hamilton,flewis,jodiconley@example.org
37,Kevin Kelley,josephlopez,samantha02@example.net
38,Andrew Davis,freemanmatthew,timothy75@example.net
39,Jeff Moore,cynthiascott,riverssandy@example.org
40,Amanda Clayton,cynthiajenkins,emiller@example.com
41,Jamie Ball,tjones,johnny22@example.com
42,Martha Hobbs,clopez,elliottsherri@example.com
43,Darrell Walker,pfritz,ruizjohn@example.com
44,Frank Stevenson,imoore,knappwalter@example.org
45,Jason Smith,staceyhendricks,charlesadams@example.org
46,Amanda Anderson,mark56,becky31@example.org
47,David Cervantes,brittneyreed,mfields@example.com
48,Michael Hamilton,tclark,rlee@example.com
49,Todd Taylor,billybush,qmedina@example.net
50,Antonio Gutierrez,housetimothy,grantgregory@example.org
51,Jo Castillo,fosterkyle,tharris@example.com
52,Sean Singh,wandaterry,staceychristian@example.org
53,Timothy Thompson,graceruiz,jacquelinepayne@example.org
54,Kristina Scott,gregory16,jamessaunders@example.net
55,David Howard,utownsend,aaron47@example.com
56,Tanya Yates,pthomas,jose49@example.net
57,Karina Vaughn,schultzjason,hendersonjessica@example.com
58,Jennifer Hernandez,cunninghamrobert,tinahopkins@example.org
59,Tyler Johnson,joseph54,browngary@example.com
60,James Nichols,jessicacook,kevin85@example.net
61,Lisa Thomas,robertsondarryl,charlessanchez@example.net
62,Caitlyn Moore,mullinscory,ericksonkathryn@example.net
63,Brandon Mendoza,vwilson,victor86@example.net
64,Jennifer Dalton,elizabeth54,jtapia@example.net
65,Tanya Hahn,townsendjean,william77@example.net
66,Maxwell Schneider,krista99,pclarke@example.org
67,Ryan Perkins,ttate,raymond31@example.org
68,Steven Murphy,gabriel51,carrie39@example.com
69,Mary Cantrell MD,shannonmartin,billy54@example.org
70,Kimberly Robles,patrick94,mosleydouglas@example.com
71,Amy Hernandez,edavid,hartmantimothy@example.com
72,Karen Tate,blacktiffany,ofrazier@example.org
73,Michael May,jenniferhenderson,adambond@example.net
74,Erica Flynn,berryjames,ronniegutierrez@example.net
75,David Moore,rgarcia,tjones@example.org
76,Chris Christensen,leeangela,nancykelley@example.com
77,Justin Ford,castanedasavannah,miamathis@example.com
78,Elizabeth Henson,tarajones,chris73@example.org
79,Timothy Guzman,taravasquez,samuel96@example.com
80,Theresa Smith,karenduarte,washingtonsuzanne@example.net
81,Katherine Wagner,wallacekevin,wendyspence@example.org
82,Sara Bailey,zmurillo,gonzalezamanda@example.org
83,Thomas Johnson,ystokes,cwilson@example.com
84,Vincent Howard,freemanwilliam,pattoncarolyn@example.org
85,John Mullins,tkaiser,loriholloway@example.org
86,Zoe Campbell,gonzalezmark,bridgetdickson@example.com
87,Morgan Morales,boydellen,dillondavis@example.org
88,Richard Shelton,griffinmary,valdezchristopher@example.net
89,Alexandra Ellis,darrenjones,pdavis@example.com
90,Kari Torres,petersantos,robertwest@example.com
91,Erin Garcia,uhooper,aliciasmith@example.com
92,Amanda Kirk,clarsen,ewingrobin@example.com
93,Christopher Thomas,yanderson,johnsonsharon@example.com
94,Cassie Hudson,garciaamanda,davisamy@example.net
95,Christine Porter,shari15,kurtfrye@example.com
96,Danielle Franklin,lharris,christine00@example.com
97,Ricky Bell DDS,megan28,harrisrandy@example.org
98,Jill Williams,kimberlykim,sgonzales@example.net
99,Julie Alexander,umorrow,sjohnson@example.org
100,Gregory Perry,cmoreno,zgonzalez@example.net
101,Gordon Thomas,joelburke,sean63@example.com
102,Christopher Clarke,larrydougherty,rhondahernandez@example.com
103,Jim Hart,richard32,ryan96@example.com
104,Sandra Fields,jacobkim,sierramorris@example.org
105,Ronald Merritt,owenskatelyn,vdavis@example.com
106,Christine Porter,karencantrell,heather62@example.org
107,Ashley Murphy,pughjeffrey,vanessa13@example.net
108,David Nelson,renee41,parker07@example.org
109,Steven Nelson,cingram,jasmine03@example.com
110,Tanner Lee,christopher12,rmartin@example.net
111,James Wright,jhouse,peter66@example.org
112,Jeffrey Boyd,dakota66,melissalong@example.org
113,Nicholas Brown,cmartinez,vargasjacqueline@example.com
114,Patricia Wallace,smithdenise,trankristin@example.com
115,Charles Matthews,nlittle,zbowen@example.net
116,Wayne Ray,cooklindsay,jameshamilton@example.org
117,Marc Rivera,amandahouston,gregorybrown@example.com
118,Jason Thompson,kristen50,singhlaura@example.net
119,Johnny Hughes,yrichardson,sheila35@example.com
120,Dr. Yvette Davis,eric55,johnrodriguez@example.com
121,Paula Smith,davidrobertson,nbarker@example.net
122,Ryan Davis,naguilar,gina86@example.org
123,Jamie Johnston,cynthia51,evanslisa@example.org
124,Sarah Rogers,christina16,karen13@example.com
125,Christina Delacruz,alisha21,howardangela@example.com
126,Tracy Nelson,emiller,cmarquez@example.org
127,Darius Foley,meyerkristin,jessica41@example.org
128,Danielle Davis,john39,mathewpatrick@example.com
129,Derrick Jimenez,brookslaura,webbthomas@example.net
130,Austin Lara,jill66,christopher63@example.com
131,Eric Rodriguez,jesselloyd,carterdustin@example.net
132,Jennifer Kelly,baileykristen,rosskaren@example.org
133,Robert Walker,philipsmith,flin@example.net
134,Danny Hancock,johnstonmary,cynthiaroberts@example.com
135,Brandon Gonzalez,angelicabernard,joe20@example.com
136,Brad Fields,douglasdavid,jesse57@example.org
137,Franklin Mullins,thart,rgarrison@example.net
138,Diane Moses,walkersarah,tina24@example.com
139,Micheal Beard,troy50,hdavis@example.net
140,Nicole Burch,brownrodney,joshuarowe@example.net
141,Christopher Harris,jimenezmatthew,pleon@example.org
142,Cody Duncan,hoganamy,stephensmith@example.com
143,Hannah Ballard,jose52,ggreene@example.org
144,Megan Bradley,scott13,nkoch@example.com
145,Catherine Rivers,kellyamy,laura57@example.com
146,Glenda Lopez,lbrown,mweaver@example.com
147,Lisa Morton,miranda41,katie23@example.org
148,James Mccoy,johnsonryan,greeves@example.com
149,Robert Larson,tamaramiller,edwardstodd@example.net
150,Kevin Ramirez,farleymarcus,umyers@example.net
151,Kathleen Hall,andrew56,kristine15@example.org
152,Jonathan Hawkins,xscott,bobbygraham@example.org
153,Tiffany Thomas,aprilconrad,lewistim@example.org
154,Sean Coffey,keithramirez,colesmith@example.org
155,Alicia Morse,breannawillis,karenjones@example.org
156,Lawrence Taylor,tthomas,dlopez@example.com
157,Susan Sellers,burnschristina,russell69@example.com
158,Cody Jackson,melissa16,xhernandez@example.org
159,Samantha Ramirez,amanda57,zunderwood@example.org
160,Robert Martinez,savannahryan,mscott@example.com
161,Cynthia Velasquez,patricia21,reneemartinez@example.net
162,Ricky Chapman,joseph44,douglasmays@example.net
163,Terry Mills,ucordova,pricemelissa@example.net
164,Austin Frank,christine03,joshua69@example.net
165,Kimberly Miller,sandovalsean,leedavid@example.com
166,Robin Banks,sarabaker,frankharrison@example.net
167,Brent Harmon,qhall,astone@example.net
168,James Mason,peter95,brewerjared@example.net
169,Melissa Boone,williamsjeffrey,hoodsheila@example.org
170,Jessica Cowan,stacymills,bellis@example.com
171,Timothy Tate,baileycheryl,willispatricia@example.org
172,Elijah Terrell,hulljohn,sbrown@example.org
173,Eileen Campbell,shawsonya,mooremichael@example.net
174,Eric Rasmussen,hendersonjames,nicoleschneider@example.org
175,Jake Shepherd,lauren80,robert94@example.com
176,James Charles,greenchristina,anthonyolson@example.org
177,Charles Ford,nbarton,markgarcia@example.org
178,Kara Williams,qramirez,ericgay@example.org
179,Jesse Williams,dgraham,rebecca63@example.net
180,Mark Proctor,nicolerogers,huntkelli@example.com
181,Bradley Pierce,vbaxter,morsejohn@example.net
182,Veronica Pierce,cindy22,matthewschristina@example.org
183,Tiffany Durham,cory07,johnsonbrittany@example.org
184,Sara Harris,gibsonjames,kevin76@example.org
185,Alicia Hanson,rmartinez,michael50@example.com
186,Mikayla Martin,johnsonwilliam,davislori@example.org
187,Tyler Stafford,xmartin,stevenjohnson@example.net
188,Seth Baird,turnerholly,wendy10@example.com
189,Steven Nguyen,stephen27,ismith@example.org
190,Shawn Dixon,wilsonjohn,heather08@example.net
191,Victor Martinez,briannabryan,rogersdon@example.com
192,Jordan Rodriguez,april71,william76@example.net
193,Crystal Yang,nathanielashley,lisamoore@example.org
194,Cathy Smith,baileyrobert,kurt84@example.com
195,Abigail Fox,joycalhoun,robert58@example.com
196,Steven Hammond,michellebass,lwilliams@example.com
197,Austin Armstrong,samuel42,sarah22@example.net
198,Jerry Ho,changkenneth,jasonrodriguez@example.org
199,Jill Mercado,josephjohnson,williamsricky@example.net
200,Erik Snyder,cynthiaphillips,rhodesashley@example.net
201,Javier Evans,psmith,crosbybrian@example.org
202,Jennifer Myers,wgarrett,santanakaylee@example.com
203,Katherine Holt,larry63,melissareynolds@example.com
204,Kevin Chandler,klopez,chaseroger@example.net
205,Monica Marshall,shirley81,hector51@example.com
206,Linda Oliver,wrightkatrina,lloydgeorge@example.com
207,Michael Johnston,christopher98,wendy22@example.com
208,Alicia Steele,deannalee,murrayjessica@example.net
209,Thomas Durham,joshuabird,jmcmillan@example.com
210,Dana Phillips,vmcmillan,mholmes@example.net
211,Annette Smith,lisaclayton,paul92@example.net
212,Patricia Hernandez,penny50,dawnhernandez@example.net
213,David Davis,sperez,bbrown@example.net
214,Marissa Davis,nicholas38,costajames@example.com
215,Randall Garrett,jweaver,ewilkins@example.net
216,Karl Clark,kingashley,moralesbrooke@example.org
217,Nancy Leonard,bradfordjason,tracy69@example.org
218,Annette Richards,ysanchez,nchan@example.net
219,Darrell Mcguire,cherryjulie,megan01@example.org
220,Brandon Morales,theresa46,coopertheresa@example.net
221,Kathleen Alexander,seandorsey,lbenitez@example.org
222,Ruth Stevens,osmith,trananthony@example.org
223,Ashley Vega,kevinjoseph,georgewhite@example.org
224,Timothy Jackson,karen10,allison97@example.com
225,David Lara,wilkinschad,mark95@example.net
226,Jennifer Morgan,teresahicks,bjohnson@example.net
227,Karen Fitzpatrick,ujimenez,gjohnson@example.com
228,Randy Pugh,kimberly08,whitneywallace@example.com
229,Thomas Briggs,xgarcia,christina67@example.com
230,Patricia Butler,martinezjulia,lisa41@example.net
231,Tracy Deleon,rwaters,robinsonjohn@example.com
232,Stephanie Davies,tannermullen,robertkelly@example.org
233,Joseph Quinn,leonardpatrick,jose58@example.net
234,Courtney Ross,carmenpeters,danielledavenport@example.org
235,Katie Anderson,jonathandavis,pwilliams@example.com
236,Daniel Gamble,ashleyrodriguez,mjones@example.net
237,Ryan Blair,carlclark,hsmith@example.net
238,Morgan Hubbard,iharris,npitts@example.org
239,Daniel Wilson,mary28,velazquezdaryl@example.com
240,Angela Vargas,haleydean,lindaflynn@example.com
241,Jared Rollins,sawyertamara,anitacollins@example.net
242,Peter Cobb,amandaturner,panderson@example.net
243,Cody Mills,burtonpaul,brookecarrillo@example.net
244,Lance Smith,vaughnmichael,gilesjenna@example.com
245,Erica White,sabrinasanders,ortizdenise@example.net
246,Douglas Burch,lauren56,egonzalez@example.com
247,Angela Cole,fmarsh,zballard@example.org
248,Jacob Owens PhD,annacollins,qtaylor@example.org
249,Devin Cook,brian63,owalker@example.net
250,Lori Gonzales,david01,fosterchristopher@example.com
251,Jessica Pierce,william41,robertgriffith@example.org
252,Terri Perez,laurie85,creid@example.org
253,John White,uingram,sstone@example.net
254,Paul Snyder,davidcabrera,pclark@example.com
255,Christopher Torres,jeffreymorris,murphysteven@example.org
256,Lisa Jones,ddavis,glennkenneth@example.org
257,Matthew Rowe,karen13,mriley@example.org
258,Stephanie Perkins,brownandrea,taylorrebecca@example.net
259,Mark Bautista,doylemichelle,rsmith@example.com
260,Daniel Murray,epennington,scott91@example.net
261,Morgan Berg MD,melissa60,andersontheresa@example.org
262,Amber Sloan,pmorgan,palexander@example.org
263,Stephen Gutierrez,mendozadaniel,seth89@example.org
264,Sarah West,megangarcia,wlawrence@example.net
265,Sara White,awade,jgutierrez@example.com
266,Christian Peters,ipatterson,marcvazquez@example.com
267,Clayton Spence,ymason,matthew10@example.org
268,Scott Dalton,wattsdevin,floreshayden@example.com
269,Denise Mcdowell,aimeeharvey,barbara51@example.com
270,Mr. Cole Brown MD,obradley,pittsleroy@example.net
271,Warren Castaneda,akline,darrellwright@example.net
272,Erica Freeman,hjohnson,richard96@example.org
273,Justin Lopez,arthurscott,claytonpaula@example.org
274,Jesse Smith,jack45,thomasmichael@example.net
275,Barbara Greene,rosalesherbert,frazierluis@example.net
276,Hannah Taylor,martinezdalton,ariel84@example.org
277,Christine Wilson,russellgregory,smcdaniel@example.com
278,Crystal Wood,gkelly,kristenyoung@example.com
279,Johnny Zuniga,gregorydavid,carpenterjacob@example.com
280,Austin Dickson,brianwyatt,cynthiagrant@example.org
281,Jason Maddox,michaelscott,lbarnes@example.org
282,Rebekah Smith,fdickson,smithnancy@example.net
283,Kevin Reynolds,pobrien,brian83@example.com
284,Samuel Anderson,rosedenise,jenniferterry@example.net
285,Jason Chapman,juliagriffin,richard08@example.net
286,Heather Khan,benjaminflores,cking@example.com
287,Denise Romero,andretaylor,robinbailey@example.com
288,Henry Short,jesse68,hebertandrea@example.com
289,Dennis Harvey,bobrien,pdavenport@example.net
290,Kelly Villanueva,pwright,elizabethweeks@example.org
291,Lisa Morales,emily76,okeith@example.com
292,Brian Johns,peggypatton,davidallison@example.com
293,Maria Potter,walkeramanda,granttony@example.com
294,William Quinn,allison67,fordtanner@example.net
295,George Perry,jimenezaaron,johnmiller@example.com
296,Carol Jefferson,bergeralicia,kristina39@example.net
297,George Miller,katherinenewman,michaelgarcia@example.org
298,Roger Luna,catherine96,nhancock@example.com
299,Angie Smith,canderson,sgentry@example.net
300,Christine Rodriguez,uzavala,davidpratt@example.com
301,Hailey Paul,nicholas01,kenneth01@example.com
302,William Scott,stephen91,hrichards@example.org
303,Luke Castaneda,michaelbailey,william41@example.net
304,Dylan Hanson,josephsmith,marissa00@example.com
305,Tony Stuart,orrmaria,kayla26@example.net
306,Erin Casey,colleenowens,afox@example.net
307,Amber Johnson,scottariel,john84@example.com
308,Bradley Thompson,proctorrichard,charlottebaker@example.com
309,Gail Gilbert,ksmith,yobrien@example.org
310,Hannah Pratt MD,georgerich,phylliswatson@example.org
311,Matthew Howell,ohogan,danielskendra@example.net
312,Crystal Barnett,dweber,michael09@example.com
313,Wayne Griffith,raymond90,paulflowers@example.net
314,Ricardo Gomez,garcianancy,brandtnathan@example.org
315,Samantha Hawkins,hodgerichard,angela32@example.org
316,Rebecca Taylor,smithbrianna,todd96@example.org
317,Timothy Barron,melaniebrown,sandy85@example.com
318,Randy Daniels,christian80,thomaspeter@example.org
319,Jill Hartman,michaelhowe,millerangela@example.com
320,Amanda Cardenas,virginiasmith,gmcdonald@example.net
321,Darren Jordan,maryodom,staceyrosales@example.org
322,Joshua Morrison,john25,angela02@example.com
323,Tristan Delacruz,reneehall,joneslindsey@example.org
324,Barry Ward,ian32,martinezkatherine@example.net
325,Kathryn Taylor,shellywright,garypatterson@example.com
326,Kathryn Nolan,monicavasquez,iperez@example.com
327,Gail Jones,timothysilva,daviscory@example.org
328,Julia Clark,rbarker,fschroeder@example.net
329,Marcus Moreno,nphillips,halljason@example.net
330,Nicholas Elliott,ukelly,williamsjames@example.net
331,Ashley Ward,villarrealapril,davidgardner@example.com
332,Patrick Williams,lwells,stevensjohn@example.com
333,David Estrada,jillrodriguez,johnfarmer@example.com
334,Christopher Campbell,torresadam,javierterry@example.net
335,Rachel Long,joshuavincent,scott33@example.net
336,Alice Davis,david35,reidcharles@example.org
337,George Fitzpatrick,melissagarner,evansdavid@example.net
338,April Wilson,nnelson,eprice@example.org
339,Maria Nichols,jorgerichardson,eriksavage@example.org
340,Christopher Clark,tara78,erica65@example.org
341,Brad Bowman,julie64,lauren56@example.com
342,Jeffrey Hernandez,michael11,woodsrobin@example.org
343,Raymond Richardson,melissajohnson,singletonleroy@example.com
344,Kyle Freeman,tuckerkristina,deanna07@example.com
345,Christopher Duffy,clarkjeremiah,sgross@example.org
346,Lisa Kim,watsonlisa,garciamegan@example.net
347,Melissa Adams,lwatts,christopherklein@example.net
348,Eric Rojas,kellymartin,alexanderharris@example.org
349,Kayla Smith,johnsonantonio,glopez@example.net
350,Kevin Wright,haleynewman,isullivan@example.com
351,James Williams,kochoa,nduran@example.net
352,Jamie Johnson,donnagardner,wday@example.net
353,Jacob Cross,joy79,humphreyrachel@example.org
354,Logan Ramirez,boltonjason,ypearson@example.org
355,Scott Smith,marvin88,collinswilliam@example.com
356,Julie Padilla,ccampos,myersjames@example.org
357,Brian Wilson,phillipsgregory,jordancohen@example.net
358,David Hudson,wheelerkeith,garciathomas@example.net
359,Brian Banks,allisonvaldez,amber20@example.org
360,Jeremy Barnett,williamford,srichardson@example.org
361,Ashley Clayton,thomassantos,ramirezcody@example.org
362,Alexandra Bell,stephanielarson,michael78@example.org
363,Ashley Day,ramirezjeffrey,anthonywood@example.net
364,Matthew Ross,brownjohn,hernandezsteven@example.net
365,Dr. Tiffany Gilmore,rodriguezmeagan,lisaharris@example.com
366,Jasmin Atkins,sburns,kayla93@example.org
367,Adam Roth,emilygraves,reynoldsjudith@example.net
368,Joshua Roberson,rmata,zholmes@example.net
369,Melanie Brown,jonathan04,ccohen@example.org
370,Richard Lawson,maciascrystal,morgan09@example.com
371,Anita Alexander,jadams,diane65@example.org
372,Melissa Little,jennifer91,martinmorgan@example.net
373,John Goodwin,princeeric,brownjesse@example.com
374,Christina Deleon,charlespowers,ricardo14@example.org
375,John Wagner,coxjennifer,regina69@example.net
376,Deborah Vaughan,marycaldwell,josephaguirre@example.net
377,Tracy Leonard,youngdanielle,lawrencekathryn@example.com
378,Christopher Moore,coltondiaz,reedanna@example.com
379,Jonathan Davis,michael76,tonya94@example.org
380,Adam Hutchinson,qowens,coffeystephen@example.org
381,Nancy Richardson,nataliemurphy,baileywhite@example.org
382,Isabella Wright,kimberlybishop,aaron32@example.org
383,Tina Lewis,melissa35,michealpoole@example.com
384,Larry Hayes,jenniferdennis,charles14@example.org
385,Eric Gilbert,maria98,goodstacey@example.com
386,Helen Serrano,cherylvaldez,lauradavis@example.org
387,Cathy Green,warejohn,zachary90@example.com
388,Amanda Garcia,cardenasernest,ldaniel@example.com
389,Christopher Mitchell,chandlerlisa,jacquelinewalker@example.net
390,Andrew Wilson,finleycory,laurahall@example.com
391,Jeremy Clark,moyerlouis,julielarson@example.net
392,Lisa Hernandez,edwardjones,danafisher@example.org
393,Monica Brooks,douglas86,patrickjones@example.com
394,Megan Howard,bryan07,ematthews@example.net
395,David Brown,weaverpatricia,bdavis@example.net
396,Steve Wright,maria03,tina94@example.com
397,Linda Blair,ohernandez,carrie72@example.com
398,Paula Burton,william46,ujohnson@example.net
399,Brooke Bryant,jessica07,jonsmith@example.net
400,Monique Davis,melissa82,westerin@example.org
401,Johnny Garrett,schwartzcaleb,piercealicia@example.com
402,Douglas Parker,aaronguerrero,michaellewis@example.org
403,Monica Thompson,brownmatthew,dalemarshall@example.net
404,Melissa Martinez,khodge,salazareric@example.net
405,Dr. Jesus Fowler,smithlinda,bsanchez@example.org
406,Kimberly Franklin,kevinsmith,sparksmatthew@example.org
407,Jennifer Spencer,kimlindsey,jefferybrown@example.com
408,Chase Morgan,steven34,kevinmcgee@example.org
409,Caleb Smith,hobbsjessica,natashagould@example.net
410,Christine Dougherty,pricemichael,thomasmejia@example.org
411,Kelsey Molina,yshaw,troyguzman@example.net
412,Ronnie Turner Jr.,halldanielle,raymond23@example.org
413,Nathan Nelson,wendyoneill,ericaguirre@example.com
414,Abigail Williams,ftucker,schwartzpatricia@example.com
415,Holly Martin,hunter87,hayesleroy@example.org
416,Maria Medina,vlee,smoreno@example.com
417,Christine Mccormick,willissamuel,fbuck@example.com
418,Kimberly Vargas,boothmark,danielmartin@example.com
419,Dr. Chris Davis,katherinehendricks,gabrielprice@example.org
420,Daniel Zimmerman,nrose,jtorres@example.net
421,Mark Palmer,louiscastillo,david95@example.com
422,Kenneth Harper,nicolemclaughlin,jturner@example.com
423,Annette Bartlett,parrishkimberly,markparker@example.net
424,Dr. Aaron Brown,onguyen,donnapeterson@example.com
425,Jack Jackson,lward,cjohnson@example.org
426,Jeremy Perry,timothycampbell,maryturner@example.org
427,Joseph Wise,wesleybryant,cheryljohnson@example.org
428,Charles Richards,kimberlysnow,jlee@example.net
429,Bethany Hale,kevinprice,preilly@example.net
430,Jennifer Dominguez,craig93,schmidttravis@example.com
431,Norman Williams,jamiemedina,ofox@example.net
432,Karen Shaffer,dale29,btanner@example.com
433,Andrew Gonzalez,connorcox,emily59@example.com
434,Sara Zuniga,psanders,tamaraadams@example.net
435,Teresa Burton,joshuabray,melissasummers@example.org
436,Holly Francis,pamela99,sheila01@example.com
437,Kathryn Richardson,lisalang,mjohnson@example.org
438,Dr. Mia Daniels,meadowsmark,smithsherry@example.org
439,Gary Montgomery,joseph48,shermangerald@example.org
440,Scott Leon,michael01,stacey42@example.net
441,Eric Lester,angela48,nathaniel31@example.com
442,Samuel Woods,timothyjohnson,chloe52@example.org
443,Johnathan Davis,floresrobert,brownjesse@example.net
444,Michelle Mitchell,kmatthews,kcooper@example.com
445,Amanda Parsons,roberto15,cervantesevelyn@example.com
446,Steven Reese,hbrown,iburton@example.org
447,David Mosley,dthompson,matthewharmon@example.com
448,Emily Hill,jeffrey73,rebeccaromero@example.com
449,Mark Dominguez,cstevens,amandarollins@example.org
450,Stephanie Glass,pamelagomez,oyates@example.net
451,Rebecca Webb,gonzalesjoseph,karen73@example.com
452,Michael Perry,hernandezhannah,hannah62@example.net
453,David Rose,rhondawalters,lvasquez@example.net
454,Jason Beck,stacyjohnston,karen13@example.net
455,Brianna West,tammie21,jacquelinemurphy@example.com
456,Raymond Wright,wreeves,william93@example.com
457,Ann Bryant,villadaniel,davidyoung@example.org
458,Audrey Yoder,ernestturner,rjohnson@example.net
459,Christopher Liu,tayloradam,laurenschmidt@example.org
460,Kimberly Smith,handerson,qsmith@example.net
461,Mark Smith,jeffrey26,taylordonna@example.com
462,Jason Bell,lindseytimothy,evelyn33@example.com
463,Beverly Davis,ystevenson,apeters@example.org
464,Arthur Martin,mcclainhunter,wballard@example.com
465,Ruben Barnett,mtaylor,jane90@example.com
466,Julie Hunt,ccurry,carolgonzalez@example.com
467,Stephanie Byrd,ashort,mjohnson@example.net
468,Jonathan Stone,rossstephanie,kanedylan@example.net
469,Keith Miranda,patricia25,mdonovan@example.com
470,Cheryl Obrien,phelpsmikayla,bdavis@example.net
471,Mr. Vincent Dickerson DDS,ningram,williamsjennifer@example.com
472,Samantha Jones MD,zolsen,powellaaron@example.org
473,Travis Soto,john25,sarah52@example.net
474,Mr. Steven Davis,dustinhall,james16@example.net
475,Whitney Bowman,phamjill,christian45@example.org
476,Abigail Horne,rachel52,chaneydeborah@example.com
477,Gabrielle Weeks,uthomas,lbaxter@example.net
478,Charles Scott,mjefferson,owenjason@example.net
479,Jeremy Jones,steven57,jennifer25@example.net
480,David Peters,laurenburns,ilivingston@example.net
481,Kathy Marquez,briancowan,nelsoncheryl@example.net
482,Joshua Moreno,gary24,smithtracey@example.com
483,Lisa Reed,andrea42,christian13@example.org
484,Victoria Hubbard,shelly94,troy09@example.net
485,William Cole,wpalmer,susan64@example.org
486,Monica Fernandez,esmith,davidmelton@example.net
487,Michele Anderson,trevorpoole,albertparker@example.org
488,Eric Montoya,shaneschmidt,jacobjennings@example.net
489,Karen Mooney,laurahoward,emilynixon@example.org
490,Kelly Robinson,romerojuan,hwhite@example.com
491,Brandon Mcdowell,egrant,robinsonchristopher@example.org
492,Cynthia Simon,amy30,john76@example.com
493,Dr. Hailey Graham,briankemp,kimberlyhudson@example.org
494,Katie Irwin,smithbrianna,montoyaanna@example.org
495,Catherine Foster,edwinyoung,courtneybauer@example.com
496,Jessica Mendoza,kpittman,claudia53@example.com
497,Gail Davis,brendamarquez,howardgutierrez@example.net
498,Carol Johnson,david69,zli@example.org
499,Donald Cruz,rdean,bradley24@example.net
